Date,DJSI-US,Carbonex-India,Crude-Oil
2/3/2011,103.93,904.09,101.69
2/4/2011,104.1,884.1,99.43
2/7/2011,104.66,884.22,99.44
2/8/2011,105.06,869.77,99.25
2/9/2011,104.82,857.43,100.16
2/10/2011,104.47,853.69,100.74
2/11/2011,104.81,867.27,99.93
2/14/2011,104.88,892.04,103.12
2/15/2011,104.64,895.89,102.48
2/16/2011,105.22,897.23,102.78
2/17/2011,105.73,906.87,103.45
2/18/2011,105.98,891.94,102.2
2/21/2011,105.98,901.57,102.2
2/22/2011,104.31,893.57,106.82
2/23/2011,103.46,888.38,109.77
2/24/2011,103.2,861.95,113.91
2/25/2011,104.02,867.06,111.47
2/28/2011,104.72,871.49,112.27
3/1/2011,103.32,901.5,113.34
3/3/2011,104.83,902.77,114.42
3/4/2011,103.99,903.54,115.71
3/7/2011,103.2,891.29,116.58
3/8/2011,104,901.11,112.32
3/9/2011,104.05,903.3,115.19
3/10/2011,102.26,897.71,114.07
3/11/2011,102.79,890.17,114.07
3/14/2011,102.05,902.9,112.95
3/15/2011,100.84,889.19,111.11
3/16/2011,98.86,899.44,110.96
3/17/2011,100.18,890.89,114.18
3/18/2011,100.6,879.46,114.13
3/21/2011,102.1,877.82,114.92
3/22/2011,101.73,885.03,115.63
3/23/2011,102.25,895.37,115.65
3/24/2011,103.05,901.95,115.41
3/25/2011,103.2,921.44,115.45
3/28/2011,103.18,926.74,115.95
3/29/2011,103.96,934.69,115.58
3/30/2011,104.71,944.25,115.35
3/31/2011,104.46,950.24,116.94
4/1/2011,104.95,951.03,118.63
4/4/2011,105.08,964.14,120.07
4/5/2011,105.2,965.47,122.87
4/6/2011,105.57,963.41,123.01
4/7/2011,105.39,963.71,122.9
4/8/2011,105.03,955.98,126.3
4/11/2011,104.76,946.54,126.46
4/13/2011,103.92,965.89,122.7
4/15/2011,104.7,953.08,124.63
4/18/2011,103.62,939.3,121.69
4/19/2011,104.26,941.33,121.35
4/20/2011,105.8,957.35,124.26
4/21/2011,106.33,961.11,123.64
4/25/2011,106.09,960.65,123.64
4/26/2011,107.26,959.59,124.55
4/27/2011,107.88,955.72,124.94
4/28/2011,108.25,948.12,126.59
4/29/2011,108.27,940.74,126.59
5/2/2011,108.03,933.56,126.64
5/3/2011,107.92,911.82,124.01
5/4/2011,107.36,907.2,121.55
5/5/2011,106.36,894.34,111.93
5/6/2011,106.73,908.84,113.69
5/9/2011,107.02,909.83,113.21
5/10/2011,107.81,908.94,117.82
5/11/2011,106.79,912.38,115.66
5/12/2011,107.39,901.34,112.87
5/13/2011,106.58,911.4,113.08
5/16/2011,106.01,903.7,113.72
5/17/2011,105.7,894.88,109.39
5/18/2011,106.5,890.58,112.54
5/19/2011,106.69,891.34,113.2
5/20/2011,105.95,899.74,111.25
5/23/2011,104.73,884.56,110.13
5/24/2011,104.66,886.34,112.52
5/25/2011,104.78,879.51,114.47
5/26/2011,104.96,888.27,115.06
5/27/2011,105.26,899.41,114.85
5/30/2011,105.26,900.86,114.85
5/31/2011,106.29,915.22,117.18
6/1/2011,104.12,920.11,116.15
6/2/2011,103.88,914.04,114.3
6/3/2011,102.95,907.76,115.09
6/6/2011,102.17,909.26,115.4
6/7/2011,102.03,913.72,116.14
6/8/2011,101.76,909.62,118.43
6/9/2011,102.54,908.68,119.95
6/10/2011,101.22,902.85,118.71
6/13/2011,101.39,903.12,120.49
6/14/2011,102.47,906.24,120.35
6/15/2011,100.9,897.13,114.67
6/16/2011,101.2,889.23,114.69
6/17/2011,101.62,883.61,113.74
6/20/2011,102.24,865.98,112.21
6/21/2011,103.35,867.85,112.02
6/22/2011,102.83,867.07,113.59
6/23/2011,102.4,872.66,108.27
6/24/2011,101.33,896.78,104.79
6/27/2011,102.22,906.79,104.57
6/28/2011,103.5,909.18,107.57
6/29/2011,104.16,917.1,111.49
6/30/2011,105.33,923.3,111.71
7/1/2011,106.77,922.31,109.82
7/4/2011,106.77,927.09,109.82
7/5/2011,106.58,924.48,113.21
7/6/2011,106.8,923.27,113.55
7/7/2011,107.81,939.26,117.4
7/8/2011,107.15,927.56,117.4
7/11/2011,105.46,920.66,117.35
7/12/2011,104.96,907.78,117.36
7/13/2011,105.29,917.49,118.46
7/14/2011,104.88,919.89,117.38
7/15/2011,105.15,917.33,118.06
7/18/2011,104.32,916.12,117.05
7/19/2011,105.94,922.01,118.18
7/20/2011,105.67,913.39,118.52
7/21/2011,106.88,909.32,118.25
7/22/2011,106.85,924.15,118.99
7/25/2011,106.26,931.75,118.27
7/26/2011,105.72,916.06,118.14
7/27/2011,103.79,912.51,117.99
7/28/2011,103.5,902.35,118.16
7/29/2011,102.73,898.42,115.93
8/1/2011,102.46,902.88,116.37
8/2/2011,100.24,893.72,116.02
8/3/2011,100.68,886.8,113.74
8/4/2011,96.29,876.25,110.22
8/5/2011,96.63,857.88,106.92
8/8/2011,91.01,843.78,103.06
8/9/2011,94.42,836.6,103.63
8/10/2011,90.45,849.87,103.84
8/11/2011,94.37,846.09,107.82
8/12/2011,94.94,836.4,108.17
8/16/2011,96.22,829,109.69
8/17/2011,96.25,831.33,111.37
8/18/2011,92.42,813.27,108.36
8/19/2011,90.98,799.18,109.37
8/22/2011,91.2,808.15,108.83
8/23/2011,93.85,814.91,110.35
8/24/2011,94.97,805.7,111.91
8/25/2011,93.53,799.18,111.91
8/26/2011,94.6,782.79,112.29
8/29/2011,96.96,809.67,112.29
8/30/2011,97.24,821.95,115.59
9/2/2011,94.57,828.71,115.92
9/5/2011,94.57,825.95,115.92
9/6/2011,93.75,831.82,113.29
9/7/2011,95.99,842.82,117.5
9/8/2011,95.19,847.11,117.99
9/9/2011,92.73,832.17,115.1
9/12/2011,93.22,814.02,114.75
9/13/2011,93.98,813.47,114.08
9/14/2011,95.24,824.07,113.1
9/15/2011,96.91,833.68,116.71
9/16/2011,97.56,835.8,116.26
9/19/2011,96.45,828.21,112.89
9/20/2011,96.35,844.3,114.39
9/21/2011,93.68,844.39,114.26
9/22/2011,90.74,811.48,109.21
9/23/2011,91.37,803.19,109.17
9/26/2011,93.45,796.5,107.9
9/27/2011,94.75,817.19,109.54
9/28/2011,93.02,812.66,108.52
9/29/2011,94.1,822.45,107.08
9/30/2011,91.98,811,105.42
10/3/2011,89.41,796.91,103.61
10/4/2011,91.16,783.79,101.84
10/5/2011,92.64,780.01,103.77
10/7/2011,93.79,799.4,106.56
10/10/2011,96.63,813.64,109.49
10/11/2011,96.48,813.91,109.22
10/12/2011,97.35,833.12,112.44
10/13/2011,97.09,829.95,112.45
10/14/2011,98.65,838,114.33
10/17/2011,96.85,835.28,112.92
10/18/2011,98.59,822.68,112.08
10/19/2011,97.77,837.75,111.76
10/20/2011,98,830.71,109
10/21/2011,99.7,823.24,111.6
10/24/2011,100.71,829.86,111.67
10/25/2011,99.01,843.15,112.11
10/26/2011,100.06,845.77,110.43
10/28/2011,103.57,869.5,110.01
10/31/2011,101.18,865.95,108.43
11/1/2011,98.23,856.4,106.97
11/2/2011,99.56,856,110.82
11/3/2011,101.26,857.82,110.76
11/4/2011,100.62,862.09,112.22
11/8/2011,102.35,861.79,115.61
11/9/2011,98.76,850.53,115.29
11/11/2011,101.93,841.94,114.43
11/14/2011,100.97,837.3,112.57
11/15/2011,101.33,823.23,111.9
11/16/2011,99.67,817.37,111.91
11/17/2011,98.1,801.53,109.25
11/18/2011,97.98,797.1,107.82
11/21/2011,96.13,777.29,105.98
11/22/2011,95.66,781.86,107.77
11/23/2011,93.67,764.93,106.83
11/24/2011,93.67,773.7,106.83
11/25/2011,93.39,768.06,106.08
11/28/2011,95.91,789.83,109.38
11/29/2011,96.26,781.31,111.25
11/30/2011,100.58,784.37,111.22
12/1/2011,100.29,800.04,108.83
12/2/2011,100.33,818.78,109.59
12/5/2011,101.36,817.67,110.18
12/7/2011,101.98,820.35,110.07
12/8/2011,99.77,802.3,108.23
12/9/2011,101.46,790.32,107.91
12/12/2011,99.87,773.7,107.82
12/13/2011,99.08,778.62,109.25
12/14/2011,97.93,771.86,105.72
12/15/2011,98.35,769.94,104.52
12/16/2011,98.4,754.2,104
12/19/2011,97.28,746.79,104.55
12/20/2011,99.92,734.87,107.8
12/21/2011,100.12,756.95,108
12/22/2011,100.96,764.13,108.98
12/23/2011,101.98,760.49,109.28
12/26/2011,101.98,769.95,109.28
12/27/2011,101.91,765.12,109.28
12/28/2011,100.68,757.97,107.54
12/29/2011,101.74,750.04,106.89
12/30/2011,101.27,746.49,108.09
1/2/2012,101.27,747.94,108.09
1/3/2012,102.71,768.68,111.12
1/4/2012,102.83,766.76,113.37
1/5/2012,102.81,766.5,113.59
1/6/2012,102.44,766.64,111.96
1/9/2012,102.82,766.05,111.07
1/10/2012,103.53,783.46,113.3
1/11/2012,103.67,786.38,111.66
1/12/2012,103.84,783.48,112.97
1/13/2012,103.16,789.44,109.88
1/16/2012,103.16,791.02,109.88
1/17/2012,103.39,805.24,110.55
1/18/2012,104.46,802.61,109.81
1/19/2012,105.02,813.75,109.54
1/20/2012,105.45,819.01,108.5
1/23/2012,105.28,819.18,109.46
1/24/2012,105.23,832.48,108.38
1/25/2012,105.84,838.31,108.48
1/27/2012,105.16,845.86,110.5
1/30/2012,104.86,827.3,110.24
1/31/2012,104.77,844.64,110.26
2/1/2012,105.62,851.16,111.96
2/2/2012,105.71,856.86,110.96
2/3/2012,107.03,865.01,112.56
2/6/2012,107.06,872.63,115.47
2/7/2012,107.23,867.23,116.86
2/8/2012,107.44,872.84,117.18
2/9/2012,107.25,879.97,118.4
2/10/2012,106.44,876.01,118.13
2/13/2012,106.98,877.74,118.73
2/14/2012,106.81,881.79,118.3
2/15/2012,106.28,900.97,120.25
2/16/2012,107.33,900.67,121
2/17/2012,107.59,907.66,120.69
2/21/2012,107.7,913.91,120.85
2/22/2012,107.34,894.17,123.07
2/23/2012,107.76,890.94,124.53
2/24/2012,107.78,882.07,124.89
2/27/2012,107.84,857.44,126.46
2/28/2012,108.23,875.52,124.02
2/29/2012,107.55,877.54,122.23
3/1/2012,108.03,870.93,125.76
3/2/2012,107.85,873.29,125.93
3/5/2012,107.49,860.96,126.68
3/6/2012,105.88,851.96,125.03
3/7/2012,106.52,850.67,125.37
3/9/2012,107.8,869.14,128.08
3/12/2012,107.93,874.07,127.27
3/13/2012,109.56,884.94,128.14
3/14/2012,109.15,890.78,126.98
3/15/2012,109.82,876.87,123.63
3/16/2012,109.85,865.92,125.09
3/19/2012,110.17,855.16,125.76
3/20/2012,109.79,858.75,124.38
3/21/2012,109.51,874.01,123.89
3/22/2012,108.71,852.05,122.49
3/23/2012,109.02,860.14,125.21
3/26/2012,110.32,844.37,125.85
3/27/2012,109.89,853.43,125.25
3/28/2012,109.18,845.72,124.41
3/29/2012,109.25,844.94,123.23
3/30/2012,109.77,862.95,123.41
4/2/2012,110.37,868.08,124.44
4/3/2012,109.85,875.36,124.44
4/4/2012,108.85,870.58,123.04
4/9/2012,107.23,856.78,123.58
4/10/2012,105.5,857.87,121.89
4/11/2012,106.3,854.9,120.41
4/12/2012,107.74,861.79,120.57
4/13/2012,106.48,852.14,120.62
4/16/2012,106.72,855.4,118.23
4/17/2012,108.22,865.12,117.41
4/18/2012,107.61,866.99,115.18
4/19/2012,107.09,870.85,117
4/20/2012,107.44,863.99,118.08
4/23/2012,106.45,849.59,116.66
4/24/2012,107.04,852.56,117.74
4/25/2012,107.87,849.21,117.45
4/26/2012,108.66,846.52,119.33
4/27/2012,108.74,845.8,119.3
4/30/2012,108.58,855.31,118.66
5/2/2012,108.92,853.71,117.57
5/3/2012,108.23,845.45,115.91
5/4/2012,106.63,829.58,111.66
5/7/2012,106.57,834.56,111.66
5/8/2012,106.12,816.43,110.48
5/9/2012,105.34,810.95,111.89
5/10/2012,105.45,809.46,112.24
5/11/2012,105.15,803.25,112.5
5/14/2012,104.19,799.32,110.79
5/15/2012,103.62,805.17,111.4
5/16/2012,103.36,792.4,109.8
5/17/2012,102.28,793.65,109.31
5/18/2012,101.62,797.04,108.03
5/21/2012,102.79,799.78,109.02
5/22/2012,102.82,792.34,109.76
5/23/2012,102.6,788.11,106.88
5/24/2012,102.79,800.51,107.2
5/25/2012,102.57,801.45,107.86
5/28/2012,102.57,811.55,107.86
5/29/2012,103.68,812.1,107.55
5/30/2012,102.21,804.59,103.85
5/31/2012,102.05,802.48,103.86
6/1/2012,99.92,788.53,98.63
6/4/2012,99.82,789.4,97.74
6/5/2012,100.28,791.31,98.65
6/6/2012,102.51,811.95,101.14
6/7/2012,102.64,820.45,100.05
6/8/2012,103.36,823.83,97.57
6/11/2012,102.26,820.86,98.6
6/12/2012,103.46,830.85,96.59
6/13/2012,102.89,831.52,97.29
6/14/2012,104.19,820.54,96.46
6/15/2012,105.15,833.28,97.13
6/18/2012,105.03,820.66,95.21
6/19/2012,105.75,827.29,95.14
6/20/2012,105.43,830.86,93.5
6/21/2012,103.24,838.22,89.22
6/22/2012,103.81,835.35,89.22
6/25/2012,102.32,830.47,88.69
6/26/2012,102.63,832.75,90.19
6/27/2012,103.48,836.08,92.06
6/28/2012,103.44,836.44,91.02
6/29/2012,105.75,857.4,94.17
7/2/2012,105.8,858.65,95.28
7/3/2012,106.36,861.8,99.89
7/4/2012,106.36,864.18,99.89
7/5/2012,105.76,868.01,101.54
7/6/2012,104.69,865.88,98.5
7/9/2012,104.51,858.28,99.94
7/10/2012,103.67,869.53,99.15
7/11/2012,103.64,864.17,99.23
7/12/2012,103.24,853.73,99.18
7/13/2012,104.89,851.68,101.91
7/16/2012,104.59,847.21,102.1
7/17/2012,105.36,845.77,104.21
7/18/2012,106.23,848.93,105.92
7/19/2012,106.32,852.81,107.79
7/20/2012,105.24,847.69,106.98
7/23/2012,104.29,833.29,103.91
7/24/2012,103.2,835.97,103.57
7/25/2012,103.54,832.08,102.35
7/26/2012,105.36,821.51,104.77
7/27/2012,107.06,828.45,106.3
7/30/2012,107.04,844.88,106.54
7/31/2012,106.59,849.32,105.93
8/1/2012,106.39,851.57,106.78
8/2/2012,105.59,850.48,107.55
8/3/2012,107.51,848.22,109.57
8/6/2012,107.81,857.33,110.01
8/7/2012,108.45,865.53,112.39
8/8/2012,108.6,864.97,113.42
8/9/2012,108.67,862.96,113.52
8/10/2012,109.09,861.99,113.13
8/13/2012,108.77,867.44,114.48
8/14/2012,108.58,872.07,113.9
8/16/2012,109.34,868.95,116.12
8/17/2012,109.34,869.29,115.2
8/21/2012,108.94,877.85,116.03
8/22/2012,108.69,875.9,115.77
8/23/2012,107.83,875.4,117.45
8/24/2012,108.5,871.83,115.76
8/27/2012,108.28,865.4,113.74
8/28/2012,108.11,862.09,112.62
8/29/2012,108.18,855.32,112.53
8/30/2012,107.44,858.24,112.28
8/31/2012,107.99,852.76,113.93
9/3/2012,107.99,850.1,113.93
9/4/2012,107.76,854.04,114.98
9/5/2012,107.74,846.8,113.32
9/6/2012,109.96,848.91,114.5
9/7/2012,110.25,864.03,113.64
9/10/2012,109.84,867.76,113.84
9/11/2012,110.24,871.59,114.86
9/12/2012,110.5,877.49,114.86
9/13/2012,112.06,877.32,116
9/14/2012,112.22,897.94,117.48
9/17/2012,111.92,904.65,116.7
9/18/2012,111.85,905.32,113.29
9/20/2012,112.13,898.85,109.41
9/21/2012,112.1,919.92,111.27
9/24/2012,111.87,917.59,109.2
9/25/2012,110.97,918.98,110.77
9/26/2012,110.43,917.15,108.99
9/27/2012,111.25,916.24,111.45
9/28/2012,110.81,925.79,111.36
10/1/2012,111.14,929.33,112.58
10/3/2012,111.24,932.45,109.32
10/4/2012,111.96,941.31,110.48
10/5/2012,112.08,935.41,112.17
10/8/2012,111.83,924.46,112.6
10/9/2012,110.79,928.86,114.32
10/10/2012,109.76,920.08,116.11
10/11/2012,109.77,929.64,116.18
10/12/2012,109.54,925.07,115.17
10/15/2012,110.52,926.08,115
10/16/2012,111.64,919.24,115
10/17/2012,111.95,920.91,113.49
10/18/2012,111.81,930.66,112.58
10/19/2012,109.85,924.69,111.89
10/22/2012,109.74,929.49,109.62
10/23/2012,108.09,925.29,107.53
10/25/2012,108.23,927.58,107.64
10/26/2012,108.16,919.75,108.9
10/29/2012,108.16,919.25,109.33
10/30/2012,108.16,908.48,109.4
10/31/2012,108.31,912.95,109.89
11/1/2012,109.55,917.78,108.84
11/2/2012,108.61,926.72,106.79
11/5/2012,108.83,926.96,105.59
11/6/2012,109.75,930.32,109.27
11/7/2012,107.15,936.21,108.21
11/8/2012,105.87,934.01,107.23
11/9/2012,105.86,926.09,108.61
11/12/2012,105.81,927.71,110.23
11/13/2012,105.19,925.3,108.82
11/15/2012,103.75,920.27,110.07
11/16/2012,104.09,910.68,106.81
11/19/2012,105.81,909.41,110.06
11/20/2012,105.64,907.44,110.01
11/21/2012,105.96,914.09,110.81
11/22/2012,105.96,917.38,110.81
11/23/2012,107.4,917.23,110.14
11/26/2012,107.05,919.84,110.18
11/27/2012,106.32,934.48,109.33
11/29/2012,107.42,950.4,110.47
11/30/2012,107.39,959.5,110.84
12/3/2012,106.82,959.49,111.27
12/4/2012,106.72,962.47,109.99
12/5/2012,107.39,965.01,108.96
12/6/2012,107.8,970.65,108.01
12/7/2012,108.29,966.44,107.16
12/10/2012,108.47,966.51,108.25
12/11/2012,109.28,964.8,107.6
12/12/2012,109.4,963.58,110.17
12/13/2012,108.77,956.55,110.18
12/14/2012,108.46,962.21,109.28
12/17/2012,109.46,960.49,109.35
12/18/2012,110.56,967.38,109.96
12/19/2012,109.72,973.54,109.95
12/20/2012,110.18,971.52,110.57
12/21/2012,109.07,959.3,109.13
12/24/2012,108.69,960.43,108.44
12/26/2012,108.35,968.29,110.72
12/27/2012,108.18,964.13,110.04
12/28/2012,106.86,969.78,110.05
12/31/2012,108.44,970.24,110.8
1/1/2013,111.05,978.9,110.8
1/2/2013,110.89,986.01,112.98
1/3/2013,111.32,988.66,113.03
1/4/2013,111.32,989.62,112.58
1/7/2013,110.5,986.36,112.49
1/8/2013,110.82,987.81,113.03
1/9/2013,111.63,983.89,113.07
1/10/2013,111.91,982.96,112.97
1/11/2013,111.91,978.72,110.3
1/14/2013,112.31,991.31,111.32
1/15/2013,112.25,995.77,111.72
1/16/2013,112.93,986.1,110.97
1/17/2013,113.68,992.71,111.01
1/18/2013,113.68,995.63,111.71
1/21/2013,114.06,998.79,111.71
1/22/2013,114.27,991.98,112.72
1/23/2013,114.78,991.53,113.68
1/24/2013,115.65,983.15,114.59
1/25/2013,115.65,994.02,113.88
1/28/2013,116.08,994.64,113.92
1/29/2013,115.59,989.6,115.22
1/30/2013,115.16,990.58,115.42
1/31/2013,116.28,989.19,115.55
2/1/2013,116.28,984.82,115.55
2/4/2013,115.95,980.65,116.06
2/5/2013,115.94,976.38,117.03
2/6/2013,115.52,977.31,116.61
2/7/2013,116,973.1,117.17
2/8/2013,116,966.46,118.9
2/11/2013,116.33,965.64,118.29
2/12/2013,116.38,969.17,117.89
2/13/2013,116.52,968.86,118.43
2/14/2013,116.51,961.57,118.48
2/15/2013,116.51,960.79,117.4
2/18/2013,117.42,962.97,117.4
2/19/2013,116.22,970.96,117.04
2/20/2013,115.5,970.89,116.23
2/21/2013,116.42,954.29,114.19
2/22/2013,116.42,955.21,113.74
2/25/2013,115.14,954.2,114.55
2/26/2013,116.5,939.28,112.96
2/27/2013,116.36,946.7,112.24
2/28/2013,116.67,928.85,112.2
3/1/2013,116.67,932.23,110.14
3/4/2013,118.19,927.46,109.9
3/5/2013,118.45,941.84,110.42
3/6/2013,118.48,948.07,110.27
3/7/2013,119.02,955.15,110.42
3/8/2013,119.02,968.19,108.91
3/11/2013,119.23,967.23,108.64
3/12/2013,119.39,962.41,108.48
3/13/2013,120.13,951.5,107.51
3/14/2013,119.75,961.63,108.1
3/15/2013,119.75,956.14,109.32
3/18/2013,118.79,949.34,108.54
3/19/2013,119.62,934.05,106.91
3/20/2013,118.64,924.64,108.27
3/21/2013,119.53,917.94,106.41
3/22/2013,119.53,916.29,106.51
3/25/2013,119.96,913.36,106.66
3/26/2013,120,913.87,107.1
3/28/2013,120.5,922.26,108.46
4/1/2013,120.94,925.79,108.76
4/2/2013,119.74,934.92,109.66
4/3/2013,120.18,923.17,107.82
4/4/2013,119.66,907.45,105.09
4/5/2013,119.66,904.62,103.98
4/8/2013,120.71,903.86,103.16
4/9/2013,122.2,894.61,104.08
4/10/2013,122.37,904.67,104.8
4/11/2013,122.1,909.99,103.62
4/12/2013,119.6,901.9,100.58
4/15/2013,121.07,907.21,99.32
4/16/2013,119.76,925.67,97.88
4/17/2013,119.33,926.18,96.84
4/18/2013,119.76,940.17,97.48
4/22/2013,121.74,949.17,99.07
4/23/2013,121.48,948.93,99.25
4/25/2013,121.83,960.1,101.62
4/26/2013,122.96,953.09,102.39
4/29/2013,123.21,959.53,102.88
4/30/2013,122.04,964.94,101.53
5/2/2013,124.16,976.41,100.32
5/3/2013,124.05,968.97,104.6
5/6/2013,124.68,973.44,105
5/7/2013,125.19,984.09,105.18
5/8/2013,124.61,987.41,103.79
5/9/2013,125,984.49,103.59
5/10/2013,124.82,991.2,101.31
5/13/2013,126.11,973.73,102.17
5/14/2013,126.73,975.96,102.7
5/15/2013,126.56,999.7,101.57
5/16/2013,127.75,1003.68,104.27
5/17/2013,127.71,1006.95,103.83
5/20/2013,128.09,1002.47,104.55
5/21/2013,127.17,995.72,103.1
5/22/2013,126.77,991.72,102.14
5/23/2013,126.73,971.14,100.46
5/24/2013,126.73,975.01,101.24
5/27/2013,127.65,989.81,101.24
5/28/2013,126.82,994.12,103.77
5/29/2013,127.08,991.38,102.14
5/30/2013,125.34,993.78,101.79
5/31/2013,126.43,972.81,100.43
6/3/2013,125.89,967.18,101.63
6/4/2013,124.19,964.79,102.04
6/5/2013,124.96,965.69,103.51
6/6/2013,126.49,964.8,103.37
6/7/2013,126.55,958.3,104.07
6/10/2013,125.31,955.76,103.87
6/11/2013,124.35,940.8,101.5
6/12/2013,126,935.36,103.11
6/13/2013,125.27,923.67,103.38
6/14/2013,126.3,940.5,105.1
6/17/2013,127.24,947.98,105.8
6/18/2013,125.39,943.81,105.21
6/19/2013,122.18,945.93,105.56
6/20/2013,122.68,919.25,102.72
6/21/2013,121.43,920,100.36
6/24/2013,122.34,905.31,99.8
6/25/2013,123.54,908.75,101.51
6/26/2013,124.2,904.91,100.62
6/27/2013,123.42,919.24,102.74
6/28/2013,123.95,942.46,102.49
7/1/2013,123.73,955.37,103.19
7/2/2013,123.85,950.27,103.96
7/3/2013,123.85,934.49,106.12
7/4/2013,124.96,944.35,106.12
7/5/2013,125.67,948.33,107.46
7/8/2013,126.63,941.98,107.75
7/9/2013,126.69,949.54,107.9
7/10/2013,128.36,943.69,108.43
7/11/2013,128.69,960.85,108.18
7/12/2013,129.03,971.62,109.03
7/15/2013,128.6,977.27,109.05
7/16/2013,128.85,965.26,109.29
7/17/2013,129.52,966.8,109.67
7/18/2013,129.57,977.58,109.71
7/19/2013,129.73,975.82,109.34
7/22/2013,129.7,975.47,108.82
7/23/2013,129.27,982.49,109.27
7/24/2013,129.56,968.2,108.23
7/25/2013,129.73,955.48,108.1
7/26/2013,129.22,950.82,107.57
7/29/2013,129.23,941.8,108.1
7/30/2013,129.27,927.77,107.47
7/31/2013,130.44,926.85,107.89
8/1/2013,130.53,922.26,109.94
8/2/2013,130.17,913.66,109.63
8/5/2013,129.46,916.27,109.81
8/6/2013,129.12,893.21,108.77
8/7/2013,129.67,892.16,108.39
8/8/2013,129.07,899.68,107.32
8/12/2013,128.98,907.86,109.28
8/13/2013,128.3,922.81,110.69
8/14/2013,126.35,929.3,110.26
8/16/2013,125.13,891.27,111.82
8/19/2013,125.37,876.27,111.41
8/20/2013,124.48,873.76,110.74
8/21/2013,125.37,857.57,110.82
8/22/2013,126.24,875.83,110.51
8/23/2013,125.5,885.34,112.12
8/26/2013,123.8,887.25,112.23
8/27/2013,124.23,857.53,115.21
8/28/2013,124.28,856.19,116.27
8/29/2013,124,874.9,116.91
8/30/2013,124,884.45,115.97
9/2/2013,124.22,897.67,115.97
9/3/2013,124.97,866.79,115.49
9/4/2013,125.08,882.96,115.65
9/5/2013,125.01,904.55,115.81
9/6/2013,126.28,917.58,117.15
9/10/2013,128.17,949.79,112.1
9/11/2013,127.7,953.84,112.37
9/12/2013,128.28,943.15,113.11
9/13/2013,129.09,943.42,113.31
9/16/2013,129.49,941.81,110.86
9/17/2013,131.01,943.79,109.05
9/18/2013,130.55,951.09,109.09
9/19/2013,129.28,985.54,110.66
9/20/2013,128.7,969.94,110.22
9/23/2013,128.31,952.06,108.56
9/24/2013,127.97,952.47,107.68
9/25/2013,128.17,949.73,109.46
9/26/2013,127.52,950.6,108.86
9/27/2013,126.7,944.29,109.45
9/30/2013,127.49,929.17,107.85
10/1/2013,127.46,935.67,107.32
10/3/2013,127.08,955.9,109.49
10/4/2013,126.1,956.34,109.42
10/7/2013,124.63,956.43,109.66
10/8/2013,124.92,959.62,110.56
10/9/2013,127.47,972.61,109.02
10/10/2013,128.34,975.02,111.63
10/11/2013,128.87,985.29,110.65
10/14/2013,127.89,988.47,110.13
10/15/2013,129.52,983.68,110.67
10/17/2013,130.59,977.66,109.55
10/18/2013,130.56,999.32,109.4
10/21/2013,131.36,1004.23,109.47
10/22/2013,130.51,1004.81,109.57
10/23/2013,130.81,1001.16,107.74
10/24/2013,131.55,998.9,106.63
10/25/2013,131.92,994.92,105.7
10/28/2013,132.77,987.17,108.29
10/29/2013,132.15,1006.28,108.04
10/30/2013,131.82,1010.86,108.41
10/31/2013,132.2,1018.23,107.53
11/1/2013,132.67,1021.91,105.78
11/5/2013,133.66,1014.71,105.01
11/6/2013,132.08,1009.03,105.46
11/7/2013,133.68,1001.93,103.08
11/8/2013,133.78,996.35,104.29
11/11/2013,133.33,986.27,105.76
11/12/2013,134.3,976.66,106.29
11/13/2013,134.41,971.94,106.9
11/14/2013,135.08,983.74,108.29
11/18/2013,134.55,1004.6,108.8
11/19/2013,134.09,1006.49,108.29
11/20/2013,135,994.54,108.27
11/21/2013,135.58,974.39,109.9
11/22/2013,135.29,974.3,111.36
11/25/2013,134.98,993.22,110.83
11/26/2013,135.24,984.8,112.04
11/27/2013,135.24,984.84,111.32
11/28/2013,135.14,990.4,111.32
11/29/2013,134.6,1003.26,111.07
12/2/2013,134.27,1009.9,111.49
12/3/2013,134.03,1007.4,113.06
12/4/2013,133.27,1000.83,113.27
12/5/2013,135,1012.91,112.07
12/6/2013,135.15,1016.36,111.5
12/9/2013,134.72,1031.79,110.07
12/10/2013,133.06,1027.19,108.91
12/11/2013,132.52,1022.73,109.47
12/12/2013,132.36,1011.94,108.99
12/13/2013,133.36,1000.18,108.08
12/16/2013,132.88,998.73,110.3
12/17/2013,135.24,997.69,108.91
12/18/2013,135.09,1010.75,109.56
12/19/2013,135.55,1004.05,110.78
12/20/2013,135.94,1020.9,112.15
12/23/2013,136.51,1023.65,111.58
12/24/2013,137.45,1021.19,111.57
12/26/2013,137.53,1022.74,111.65
12/27/2013,137.94,1028.27,112.06
12/30/2013,136.75,1025.13,110.47
12/31/2013,137.01,1027.55,109.95
1/1/2014,136.55,1027.78,109.95
1/2/2014,137.44,1013.45,107.94
1/3/2014,137.08,1013.05,106.57
1/6/2014,137.17,1010.55,106.71
1/7/2014,137.45,1004.81,107.01
1/8/2014,135.52,1006.89,107.42
1/9/2014,136.9,1004.69,107.49
1/10/2014,137.69,1004.8,106.44
1/13/2014,137.37,1019.04,108.02
1/14/2014,136.83,1014.66,107.12
1/15/2014,136.83,1025.54,108.09
1/16/2014,136.85,1024.21,107.46
1/17/2014,136.72,1014.67,108.45
1/20/2014,135.59,1022.01,108.01
1/21/2014,132.99,1023.49,109.17
1/22/2014,132.43,1027.15,109.69
1/23/2014,133.31,1027.51,109.69
1/24/2014,132.22,1014.01,109.14
1/27/2014,133.17,991.35,108.72
1/28/2014,132.12,990.27,109.1
1/29/2014,128.91,989.94,108.83
1/30/2014,129.52,980.49,109.36
1/31/2014,129.33,985.97,108.16
2/3/2014,131.05,972.41,106.55
2/4/2014,132.67,973.1,107.04
2/5/2014,132.78,976.14,106.81
2/6/2014,134.42,978.7,108.15
2/7/2014,134.4,982.87,110.12
2/10/2014,135.02,980.78,110.18
2/11/2014,135.76,982.3,109.21
2/12/2014,135.68,984.72,108.62
2/13/2014,135.02,971.34,108.98
2/14/2014,136.01,978.09,108.63
2/17/2014,135.68,981.75,108.63
2/18/2014,136.57,990.44,110.14
2/19/2014,136.27,994.33,110.37
2/20/2014,136.33,986.13,109.42
2/21/2014,136.91,995.1,109.03
2/24/2014,137.43,999.55,109.76
2/25/2014,136.25,1001.7,109.19
2/26/2014,138.23,1006.64,109.39
2/28/2014,138.27,1013.11,108.98
3/3/2014,138.3,1005.22,111.26
3/4/2014,138.41,1018.2,109.17
3/5/2014,137.72,1022.83,108.15
3/6/2014,137.85,1035.85,107.99
3/7/2014,136.5,1054.52,109.14
3/10/2014,136.05,1057.39,108.27
3/11/2014,137.57,1052.96,108.35
3/12/2014,138.61,1053.51,107.88
3/13/2014,137.96,1049.55,107.48
3/14/2014,139.16,1050.81,108.08
3/18/2014,138.35,1054.6,106.79
3/19/2014,139.41,1056.25,105.95
3/20/2014,138.7,1049.6,105.73
3/21/2014,138.47,1051.29,107.2
3/24/2014,139.3,1065.46,106.59
3/25/2014,140.43,1066.72,107.01
3/26/2014,141.2,1068.63,105.9
3/27/2014,141.59,1075.17,106.58
3/28/2014,141.52,1085.82,106.64
3/31/2014,140.07,1089.52,105.95
4/1/2014,139.09,1091.54,105.7
4/2/2014,139.32,1098.38,103.37
4/3/2014,140.55,1095.4,104.88
4/4/2014,138.03,1090.11,106.41
4/7/2014,137.16,1090.11,104.89
4/9/2014,139.62,1106.73,107.39
4/10/2014,140.8,1109.52,107.1
4/11/2014,140.94,1105.67,107.34
4/15/2014,141.83,1097.5,109.1
4/16/2014,141.61,1087.52,109.71
4/17/2014,141.38,1104.4,109.79
4/21/2014,141.26,1111.61,109.69
4/22/2014,141.77,1111.29,108.54
4/23/2014,142.18,1114.93,108.48
4/25/2014,141.59,1106.35,109.53
4/28/2014,141.85,1104.31,109.12
4/29/2014,140.8,1096.13,109.89
4/30/2014,142.06,1090.72,108.63
5/2/2014,142.02,1091.17,109.48
5/5/2014,143.1,1092.03,109.48
5/6/2014,143.26,1094.24,108.3
5/7/2014,142.67,1084.93,108.17
5/8/2014,141.37,1085.25,108.19
5/9/2014,141.84,1117.16,108.26
5/12/2014,142.09,1142.4,108.37
5/13/2014,141.17,1158.99,108.78
5/14/2014,142.33,1160.81,109.87
5/15/2014,142.4,1161.99,109.74
5/16/2014,142.85,1177.86,110.9
5/19/2014,142.85,1193.32,110.84
5/20/2014,143.39,1194.51,110.35
5/21/2014,143.22,1190.3,111.32
5/22/2014,143.96,1196.61,110.89
5/23/2014,144.47,1213.66,110.19
5/26/2014,144.63,1210.53,110.01
5/27/2014,144.55,1202.68,109.81
5/28/2014,144.7,1205.55,109.09
5/29/2014,145.61,1190.59,109.98
5/30/2014,146.41,1190.65,109.21
6/2/2014,146.49,1213.55,109.34
6/3/2014,146.46,1221.62,108.87
6/4/2014,145.72,1221.54,109.07
6/5/2014,144.7,1233.44,108.43
6/6/2014,145.62,1251.91,109.21
6/9/2014,145.65,1264.32,110.55
6/10/2014,145.81,1262.81,109.18
6/11/2014,146.87,1254.82,109.83
6/12/2014,147.26,1258.43,112.18
6/13/2014,147.58,1237.8,113.15
6/16/2014,147.51,1237.52,113.42
6/17/2014,146.58,1254.55,114.02
6/18/2014,147.33,1241.52,114.25
6/19/2014,147.27,1237.55,115.19
6/20/2014,147.48,1232.23,114.55
6/23/2014,147.22,1229.48,113.62
6/24/2014,148.11,1245.35,113.74
6/25/2014,148.32,1243.4,112.84
6/26/2014,149.01,1231.77,112.61
6/27/2014,149.01,1234.29,112.62
6/30/2014,148.58,1251.68,111.03
7/1/2014,147.64,1256.97,110.84
7/2/2014,148.19,1272.12,110.18
7/3/2014,147.66,1270.39,108.98
7/4/2014,147.69,1276.03,108.98
7/7/2014,148.38,1280.64,108.7
7/8/2014,148.04,1249.56,107.65
7/9/2014,149.23,1242.48,106.84
7/10/2014,147.74,1242.04,106.2
7/11/2014,148.79,1220.78,105.77
7/14/2014,148.6,1221.77,104.73
7/15/2014,149.33,1235.83,104.73
7/16/2014,149.69,1251.71,105.41
7/17/2014,149.82,1255.18,106.04
7/18/2014,149.23,1256.86,106.03
7/21/2014,149.23,1259.07,105.71
7/22/2014,148.53,1271.15,106.48
7/23/2014,148.48,1274.64,106.85
7/24/2014,145.41,1280.31,105.78
7/25/2014,144.87,1270.47,106.89
7/28/2014,145.93,1264.01,106.7
7/30/2014,144.23,1269.89,106.47
7/31/2014,143.52,1260.81,104.94
8/1/2014,145.07,1242.94,103.45
8/4/2014,145.36,1256.66,103.63
8/5/2014,145.13,1265.67,102.82
8/6/2014,146.11,1254.2,104.17
8/7/2014,146.39,1251.59,104.02
8/8/2014,146.27,1235.65,103.36
8/11/2014,147.42,1244.77,103.47
8/12/2014,147.95,1260.47,101.68
8/13/2014,148.2,1258.97,102.27
8/14/2014,148.78,1269.69,101.15
8/18/2014,148.81,1285.04,99.37
8/19/2014,149.01,1290.67,99.74
8/20/2014,149.08,1287.26,99.92
8/21/2014,148.83,1290.36,100.28
8/22/2014,149.23,1294.33,100.09
8/25/2014,148.86,1291.08,100.49
8/26/2014,149.13,1290.26,100.5
8/27/2014,148.82,1294.8,100.4
8/28/2014,149.58,1297.16,100.71
9/1/2014,148.4,1312.63,101.12
9/2/2014,148.82,1320.87,100.21
9/3/2014,149.03,1327,100.88
9/4/2014,148.19,1322.62,101.21
9/5/2014,148.37,1321.98,99.51
9/8/2014,149.54,1336.81,99.53
9/9/2014,149.58,1335.87,98.08
9/10/2014,150.13,1326.16,96.26
9/11/2014,150.35,1325.56,96.42
9/12/2014,149.26,1328.06,96.31
9/15/2014,148.26,1317.57,96.43
9/16/2014,149.39,1296.56,97.39
9/17/2014,147.02,1303.31,97.7
9/18/2014,148.34,1326.97,96.82
9/19/2014,147.81,1324.67,96.75
9/22/2014,147.34,1328.69,95.37
9/23/2014,145.28,1306.85,94.87
9/24/2014,145.09,1303.43,94.53
9/25/2014,146.78,1286.51,95.2
9/26/2014,146.74,1298.13,95.08
9/29/2014,144.41,1297.09,95.7
9/30/2014,146.87,1297.13,94.67
10/1/2014,143.42,1293.54,94.57
10/7/2014,138.51,1278.39,90.9
10/8/2014,138.59,1278.81,90.25
10/9/2014,140.53,1298.16,90.47
10/10/2014,141.37,1280.98,88.66
10/13/2014,144.07,1284.97,87.82
10/14/2014,143.05,1282.65,86.36
10/16/2014,145.99,1262.09,84.02
10/17/2014,145.6,1268.09,85.27
10/20/2014,147.44,1284.22,84.42
10/21/2014,147.38,1292.11,85.17
10/22/2014,148.06,1303.01,86.38
10/23/2014,149.98,1307.01,85.94
10/27/2014,149.25,1302.42,85.64
10/28/2014,150.26,1308.25,85.57
10/29/2014,151.18,1318.05,86.91
10/30/2014,151.09,1330.79,85.5
10/31/2014,151.62,1355.67,84.17
11/3/2014,151.69,1356.02,84.9
11/5/2014,151.57,1358.3,82.88
11/7/2014,151.91,1358.4,83.2
11/10/2014,152.35,1358.76,82.9
11/11/2014,152.11,1362.37,80.94
11/12/2014,152.54,1366.57,80.42
11/13/2014,153.34,1361.73,77.74
11/14/2014,153.52,1367.55,77.51
11/17/2014,153.14,1374.48,76.86
11/18/2014,153.47,1375.93,77.23
11/19/2014,153.47,1366.99,77.21
11/20/2014,152.63,1368.88,77.61
11/21/2014,152.43,1380.91,79.2
11/24/2014,153.74,1388.59,79.62
11/25/2014,154.26,1376.05,77.62
11/26/2014,154.09,1378.57,77.39
11/27/2014,154.34,1381.67,77.39
11/28/2014,153.04,1397.9,71.89
12/1/2014,152.88,1392.72,70.87
12/2/2014,150.34,1389.17,71.13
12/3/2014,151,1391.47,70.13
12/4/2014,148.45,1396.67,68.48
12/5/2014,147.45,1392.32,68
12/8/2014,146.21,1375.25,65.64
12/9/2014,149.19,1358.1,66.11
12/10/2014,152.99,1362.73,63.32
12/11/2014,153.83,1351.43,63.65
12/12/2014,154.46,1339,61.67
12/15/2014,154.73,1335.41,61.09
12/16/2014,154.79,1307.84,60.26
12/17/2014,155.08,1303.19,59.84
12/18/2014,155.03,1326.53,58.81
12/19/2014,154.32,1336.13,58.87
12/22/2014,152.77,1351.36,58.31
12/23/2014,152.88,1342.41,59.07
12/24/2014,149.93,1330.75,58.67
12/26/2014,150.36,1333.33,58.72
12/29/2014,152.96,1341.42,57.86
12/30/2014,151.65,1343.43,55.6
12/31/2014,150.54,1348.97,55.27
1/1/2015,149.99,1350.51,55.27
1/2/2015,149.09,1366.91,55.38
1/5/2015,147.69,1364.85,51.08
1/6/2015,149.94,1324.1,50.12
1/7/2015,149.94,1320.5,49.06
1/8/2015,149.83,1341.18,49.43
1/9/2015,150.5,1348.34,47.64
1/12/2015,152.97,1355.02,46.9
1/13/2015,151.67,1350.61,45.13
1/14/2015,151.96,1346.91,45.82
1/15/2015,149.48,1380.16,47.66
1/16/2015,146.73,1384,47.38
1/19/2015,148.27,1391.55,47.38
1/20/2015,145.86,1411.16,46.49
1/21/2015,147.93,1414.59,46.5
1/22/2015,150.52,1420.32,46.09
1/23/2015,149.87,1432.9,46.69
1/27/2015,150.84,1443.9,46.55
1/28/2015,150.08,1444.29,47.07
1/29/2015,151.31,1449.76,46.61
1/30/2015,151.04,1430.07,47.52
2/2/2015,152.69,1428.13,51.74
2/3/2015,153.5,1421.52,54.41
2/4/2015,153.89,1415.97,55.07
2/5/2015,153.63,1411.85,55.98
2/6/2015,153.26,1403.66,55.88
2/9/2015,154.19,1379.87,57
2/10/2015,153.99,1388.26,55.79
2/11/2015,154.49,1399.75,53.48
2/12/2015,154.2,1413.17,56.23
2/13/2015,153.58,1428.56,60.33
2/16/2015,153.12,1428.89,61.57
2/18/2015,153.14,1437.55,60.72
2/19/2015,152.44,1442.17,58.78
2/20/2015,152.54,1433.62,60.99
2/23/2015,150.23,1421.06,59.78
2/24/2015,150.81,1422.11,60.33
2/25/2015,148.46,1421.54,59.77
2/26/2015,148.36,1408.82,61.39
2/27/2015,149.7,1434.93,61.89
2/28/2015,149.7,1442.88,61.89
3/2/2015,148.97,1452.84,60.75
3/3/2015,150.77,1460.4,61.18
3/4/2015,150.13,1447.54,59.18
3/5/2015,152.1,1450.39,60.33
3/9/2015,152.9,1421.74,58.67
3/10/2015,152.71,1415.93,55.95
3/11/2015,151.67,1413.1,56.46
3/12/2015,149.5,1426.82,56.66
3/13/2015,149.13,1404.1,54.8
3/16/2015,149.56,1401.09,52
3/17/2015,151.37,1416.03,52.17
3/18/2015,150.08,1412.31,52.59
3/19/2015,149.26,1403.41,52.96
3/20/2015,149.66,1392.06,53.88
3/23/2015,150.9,1387.21,53.82
3/24/2015,150.96,1385.96,53.61
3/25/2015,151.05,1382.77,54.18
3/26/2015,151.72,1356.43,57.02
3/27/2015,152.43,1355.65,56.44
3/30/2015,151.74,1379.71,53.99
3/31/2015,152.26,1379,53.69
4/1/2015,153.44,1395.37,55.73
4/6/2015,153.39,1408.41,55.73
4/7/2015,152.93,1411.44,57.55
4/8/2015,153.7,1420.9,56.42
4/9/2015,154.08,1429.59,56.04
4/10/2015,154.82,1431.9,56.82
4/13/2015,154.32,1439.88,57.14
4/15/2015,154.85,1428.45,59.32
4/16/2015,153.28,1419.1,60.13
4/17/2015,154.7,1403.91,61.31
4/20/2015,155.09,1378.51,61.2
4/21/2015,153.35,1368.13,60.12
4/22/2015,152.49,1376.26,60.12
4/23/2015,152.89,1371.31,62.66
4/24/2015,155.05,1356.72,62.96
4/27/2015,154.18,1340.69,62.86
4/28/2015,153.68,1352.26,62.61
4/29/2015,153.66,1345.44,63.97
4/30/2015,155.2,1336.74,63.9
5/4/2015,155.71,1360.52,64.62
5/5/2015,155.61,1360.96,65.44
5/6/2015,155.48,1322.04,66.22
5/7/2015,155.64,1313.05,64.93
5/8/2015,155.02,1335.46,63.82
5/11/2015,155.02,1356.38,62.82
5/12/2015,153.35,1324.33,65.09
5/13/2015,154.67,1342.83,66.33
5/14/2015,154.48,1343.95,65.58
5/15/2015,153.76,1349.27,64.69
5/18/2015,153.93,1367.31,65.15
5/19/2015,153.66,1366.66,63.48
5/20/2015,153.84,1374.52,63.52
5/21/2015,152.51,1372.51,64.7
5/22/2015,152.26,1376.97,64.7
5/25/2015,151.38,1364.03,64.7
5/26/2015,151.34,1358.69,61.65
5/27/2015,153.27,1359.13,61.35
5/28/2015,153.6,1355.67,60.12
5/29/2015,152.48,1372.73,63.16
6/1/2015,151.66,1373.27,62.87
6/2/2015,152.55,1342.56,63.14
6/3/2015,152.95,1323.61,62.78
6/4/2015,154.47,1323.46,60.34
6/5/2015,153.7,1320.76,60.36
6/8/2015,154.42,1308.3,61.33
6/9/2015,154.41,1306.02,63.23
6/10/2015,153.1,1322.43,64.68
6/11/2015,152.62,1297.09,63.76
6/12/2015,152.57,1298.99,63.19
6/15/2015,149.42,1303.37,60.99
6/16/2015,149.71,1308.76,60.75
6/17/2015,150.38,1317.03,60.75
6/18/2015,150.22,1331.08,61.37
6/19/2015,150.22,1341.57,59.41
6/22/2015,149.7,1361.38,60.54
6/23/2015,150.49,1366.64,61.67
6/24/2015,148.13,1360.81,61.63
6/25/2015,148.38,1368.89,60.24
6/26/2015,149.88,1365.42,60.14
6/29/2015,151.41,1355.04,59.03
6/30/2015,152.06,1363.67,60.31
7/1/2015,151.96,1377.74,61.65
7/2/2015,153.08,1376.96,61.73
7/3/2015,152.56,1382.43,59.06
7/6/2015,152.57,1389.85,57.19
7/7/2015,151.91,1389.08,54.72
7/8/2015,151.63,1365.48,55.7
7/9/2015,151.04,1360.7,57.83
7/10/2015,148.78,1365.13,57.72
7/13/2015,148.08,1380.47,57.63
7/14/2015,150.3,1379.14,57.2
7/15/2015,151.49,1389.57,57.34
7/16/2015,151.74,1402.55,57.31
7/17/2015,151.03,1404.32,56.38
7/20/2015,150.52,1404.37,56.42
7/21/2015,150.34,1390.37,55.94
7/22/2015,150.67,1406.5,56.36
7/23/2015,149.56,1401.02,55.76
7/24/2015,149.03,1389.44,54.29
7/27/2015,151,1364.11,54.07
7/28/2015,149.27,1359.7,54.3
7/29/2015,149.51,1364.8,54.73
7/30/2015,149.15,1372.81,54.29
7/31/2015,149.76,1390.41,53.29
8/3/2015,150.4,1392.6,49.49
8/4/2015,149.8,1390.85,49.08
8/5/2015,148.15,1399.78,49.04
8/6/2015,145.03,1404.27,47.8
8/7/2015,140.62,1401.79,47.54
8/10/2015,134.85,1395.09,48.3
8/11/2015,132.87,1383.7,47.33
8/12/2015,137.91,1362.71,48.29
8/13/2015,141.4,1363.01,48.01
8/14/2015,141.65,1390.2,47.79
8/17/2015,140.79,1384.81,47.77
8/18/2015,136.63,1385.29,47
8/19/2015,138.97,1389.44,45.75
8/20/2015,139.38,1370.74,45.63
8/21/2015,137.06,1358.38,43.84
8/24/2015,140.34,1273.86,41.59
8/25/2015,138.13,1289.96,41.86
8/26/2015,138.84,1275.24,41.76
8/27/2015,139.47,1301.36,44.46
8/28/2015,138.77,1307.94,47.97
8/31/2015,140.53,1303.91,47.97
9/1/2015,141.91,1273.93,48.8
9/2/2015,141.72,1263.49,47.67
9/3/2015,139.24,1280.29,50.41
9/4/2015,139.75,1252.07,48.59
9/7/2015,138.13,1234.94,46.42
9/8/2015,137.73,1255.57,48.88
9/9/2015,137.21,1276.87,48.04
9/10/2015,137.45,1273.49,47.77
9/11/2015,134.39,1272.18,46.87
9/14/2015,135.05,1286.02,45.87
9/15/2015,137.48,1277.62,45.91
9/16/2015,137.58,1287.62,49.35
9/18/2015,142.3,1300.91,47.28
9/21/2015,142.07,1300.97,47.64
9/22/2015,143.44,1274.55,46.69
9/23/2015,145.01,1282.19,48
9/24/2015,144.78,1284.14,47.06
9/28/2015,144.13,1273.75,46.04
9/29/2015,143.83,1280.25,47.58
9/30/2015,145.9,1297.99,47.29
10/1/2015,146.53,1300.04,47.48
10/5/2015,146.04,1326.86,49.45
10/6/2015,145.11,1332.85,51.34
10/7/2015,147.58,1336.39,51.66
10/8/2015,149.52,1327.89,52.13
10/9/2015,149.24,1336.59,52.08
10/12/2015,148.79,1331.27,50.95
10/13/2015,150.48,1328.79,48.94
10/14/2015,149.97,1325.22,48.25
10/15/2015,149.35,1336.59,47.87
10/16/2015,151.46,1346.64,48.96
10/19/2015,152.28,1351.81,47.51
10/20/2015,151.47,1350.21,46.93
10/21/2015,151.28,1347.05,46.72
10/23/2015,149.95,1353.13,46.3
10/26/2015,150.13,1347.26,46.57
10/27/2015,149.36,1344.47,45.54
10/28/2015,146.97,1335.52,47.6
10/29/2015,145.53,1326.55,48.04
10/30/2015,147.89,1318.65,48
11/2/2015,147.48,1316.94,47.91
11/3/2015,149.81,1319.06,48
11/4/2015,149.52,1317.57,46.96
11/5/2015,149.96,1303.61,47.19
11/6/2015,149.96,1300.31,46.09
11/9/2015,150.25,1295.81,45.38
11/10/2015,149.95,1274.75,46.44
11/11/2015,149.95,1282.12,44.98
11/13/2015,149.4,1270.67,41.98
11/16/2015,151.04,1278.75,40.28
11/17/2015,149.42,1283.26,41.28
11/18/2015,147.22,1266.92,41.45
11/19/2015,150.35,1284.31,42.22
11/20/2015,149.14,1287.34,42.49
11/23/2015,147.93,1286.5,43.7
11/24/2015,147.26,1284.02,44.38
11/26/2015,144.74,1291.86,43.55
11/27/2015,145.85,1300.12,43.07
11/30/2015,148.01,1301.13,43.73
12/1/2015,150.04,1303.62,42.97
12/2/2015,147.53,1300.92,41.92
12/3/2015,144.69,1290.46,42
12/4/2015,145.68,1277.14,41.44
12/7/2015,147.28,1274.2,39.69
12/8/2015,149.18,1262.45,39.44
12/9/2015,148.86,1247.24,39.04
12/10/2015,148.45,1257.41,38.65
12/11/2015,149.91,1245.75,36.99
12/14/2015,148.78,1252.11,36.51
12/15/2015,147.39,1259.47,37.66
12/16/2015,145.12,1267.21,36.96
12/17/2015,145.42,1283.03,36.29
12/18/2015,143.31,1271.75,36.76
12/21/2015,139.66,1282.2,35.34
12/22/2015,137.94,1275.14,35.26
12/23/2015,137.91,1287.18,35.79
12/24/2015,139.1,1287.65,37.22
12/28/2015,138.61,1295.48,37.08
12/29/2015,135.21,1298.02,36.85
12/30/2015,135.21,1293.16,35.65
12/31/2015,134.94,1300.19,36.61
1/1/2016,133.01,1304.26,36.61
1/4/2016,133.61,1278.68,36.28
1/5/2016,136.17,1279.34,35.56
1/6/2016,133.81,1271.7,33.89
1/7/2016,136.13,1241.17,33.57
1/8/2016,135.2,1248.48,31.67
1/11/2016,135.78,1242.06,30.14
1/12/2016,139.55,1233.01,29.14
1/13/2016,139.16,1238.65,28.58
1/14/2016,136.23,1232.8,28.84
1/15/2016,137.45,1213.83,28.8
1/18/2016,138,1198.04,27.36
1/19/2016,135.5,1211.51,27.36
1/20/2016,134.07,1189.97,26.01
1/21/2016,133.7,1184.64,27.59
1/22/2016,133.45,1208.08,30.46
1/25/2016,131.84,1209.44,29.82
1/27/2016,136.61,1210.77,31.83
1/28/2016,139.18,1209.45,33.01
1/29/2016,138.91,1230.58,33.14
2/1/2016,138.68,1230.53,32.45
2/2/2016,140.53,1214.5,30.98
2/3/2016,138.6,1198.39,32.38
2/4/2016,139.05,1204.26,32.76
2/5/2016,140.74,1219.63,32.35
2/8/2016,140.39,1204.76,31.64
2/9/2016,139.15,1188.4,30.15
2/10/2016,142.45,1174.77,29.64
2/11/2016,143.27,1135.29,28.82
2/12/2016,143.67,1136.64,31.8
2/15/2016,144.1,1167.84,31.8
2/16/2016,144.62,1147.74,31.09
2/17/2016,142.96,1156.81,33.21
2/18/2016,143.69,1170.09,33.2
2/19/2016,143.66,1172.94,31.66
2/22/2016,145.83,1177.62,33.59
2/23/2016,145.6,1157.69,31.9
2/24/2016,145.34,1143.06,31.5
2/25/2016,146.16,1134.49,32.83
2/26/2016,147.26,1143.9,35.76
2/29/2016,148.06,1139.36,35.92
3/1/2016,147.93,1177.95,35.73
3/2/2016,147.9,1200.65,36.38
3/3/2016,146.82,1218.11,35.75
3/4/2016,147.03,1222,37.61
3/8/2016,148.24,1222.27,39.16
3/9/2016,148.75,1230.19,40.26
3/10/2016,148.55,1221.72,38.63
3/11/2016,149.32,1225.41,39.41
3/14/2016,148.69,1229.73,38.06
3/15/2016,147.2,1219.61,37.49
3/16/2016,148.83,1223.84,38.38
3/17/2016,147.1,1226.21,39.29
3/18/2016,147.48,1240.38,39.26
3/21/2016,147.29,1257.86,39.91
3/22/2016,148.63,1260.42,40.54
3/23/2016,150.29,1260.81,38.84
3/28/2016,151.65,1243.86,38.33
3/29/2016,152.44,1241.46,36.75
3/30/2016,152.74,1263.66,36.75
3/31/2016,152.29,1265.47,36.75
4/1/2016,151.88,1262.38,36.42
4/4/2016,151.64,1269.39,36.05
4/5/2016,151.94,1243.71,35.88
4/6/2016,152.39,1246.81,37.77
4/7/2016,150.97,1236.65,37.15
4/8/2016,150.14,1238.52,40.71
4/11/2016,151.18,1256.18,41.58
4/12/2016,149.73,1262.63,43.02
4/13/2016,148.8,1285.63,42.81
4/18/2016,149.47,1296.02,41.64
4/20/2016,149.81,1297.18,43.09
4/21/2016,149.97,1296.31,43.48
4/22/2016,148.68,1295.87,43.97
4/25/2016,150.16,1289.8,42.97
4/26/2016,148.73,1307.05,43.94
4/27/2016,148.74,1310.53,44.17
4/28/2016,148.02,1289.79,45.6
4/29/2016,148.64,1290.23,45.64
5/2/2016,148.29,1285.68,45.82
5/3/2016,150.21,1276.05,43.09
5/4/2016,151.46,1266.43,43.08
5/5/2016,151.19,1271.42,44.39
5/6/2016,151.87,1270.89,44.6
5/9/2016,151.87,1291.98,42.43
5/10/2016,151.7,1295.01,44.01
5/11/2016,151.9,1288.11,46.08
5/12/2016,152.44,1298.05,46.43
5/13/2016,151.97,1283.85,47.05
5/16/2016,152.91,1291.69,48.49
5/17/2016,152.97,1295.72,48.71
5/18/2016,153.32,1292.97,48.93
5/19/2016,153.01,1277.83,47.01
5/20/2016,151.8,1273,48.54
5/23/2016,150.65,1270.36,47.77
5/24/2016,150.28,1272.57,48.42
5/25/2016,149.88,1301.18,48.87
5/26/2016,150.46,1324.35,49.52
5/27/2016,150.24,1339.29,49.09
5/30/2016,151.07,1343.18,49.09
5/31/2016,151.58,1341.17,49.26
6/1/2016,151.36,1342.33,48.81
6/2/2016,153.55,1348.78,49.05
6/3/2016,147.81,1348.57,48.5
6/6/2016,145.08,1346.28,48.94
6/7/2016,147.7,1356.86,49.76
6/8/2016,150.54,1358.58,50.73
6/9/2016,152.78,1348.43,50.59
6/10/2016,152.88,1342.94,49.7
6/13/2016,152.88,1333.28,49.36
6/14/2016,151.82,1333.3,47.88
6/15/2016,152.72,1348.88,47.47
6/16/2016,152.48,1338.63,45.66
6/17/2016,154.71,1342.04,46.57
6/20/2016,155.27,1354.43,48.68
6/21/2016,156.82,1351.66,48.18
6/22/2016,156.93,1348.78,48.43
6/23/2016,157.66,1360.07,48.63
6/24/2016,157.5,1330.56,46.69
6/27/2016,157.67,1334.58,45.07
6/28/2016,157.47,1341.45,46.29
6/29/2016,158.44,1352.14,48.4
6/30/2016,157.93,1367.54,48.05
7/1/2016,158.78,1378.34,47.65
7/4/2016,158.39,1384.23,48.02
7/5/2016,158.81,1379.4,45.64
7/7/2016,157.98,1379.48,45.93
7/8/2016,158.24,1377.03,44.53
7/11/2016,157.8,1401.59,44.04
7/12/2016,157.35,1409.76,46.72
7/13/2016,157.68,1408.89,44.67
7/14/2016,157.68,1416.61,46.01
7/15/2016,158.48,1413.63,46.25
7/18/2016,158.41,1407.83,45.35
7/19/2016,158.52,1409.86,45.7
7/20/2016,157.83,1418.23,45.82
7/21/2016,158.72,1409.82,44.99
7/22/2016,158.58,1416.85,44.24
7/25/2016,159.02,1432,43.76
7/26/2016,158.32,1426.25,43.56
7/27/2016,158.44,1430.02,42.78
7/28/2016,158.8,1436.6,41.87
7/29/2016,158.63,1433.57,40.76
8/1/2016,158.55,1433.07,40.17
8/2/2016,158.96,1429.96,40
8/3/2016,158.29,1415.1,40.45
8/4/2016,158.08,1417.33,41.33
8/5/2016,157.97,1439.52,42.47
8/8/2016,158.68,1445.6,43.24
8/9/2016,158.37,1439.26,43.37
8/10/2016,157.85,1420.8,42.19
8/11/2016,157.84,1422.56,44.23
8/12/2016,158.45,1435.4,45.12
8/16/2016,158.71,1434.42,48.27
8/17/2016,158.52,1432.84,48.58
8/18/2016,154.92,1441.2,49.46
8/19/2016,157.08,1441.77,49.39
8/22/2016,154.65,1435.83,48.1
8/23/2016,154.27,1434.68,48.7
8/24/2016,155.84,1439.3,47.56
8/25/2016,155.39,1430.65,49.25
8/26/2016,155.4,1427.64,49.66
8/29/2016,155.48,1431.99,49.66
8/30/2016,157.23,1453.15,47.94
8/31/2016,158.2,1459.84,47.94
9/1/2016,157.28,1456.61,45.05
9/2/2016,155.84,1462.63,45.96
9/6/2016,157.75,1485.01,46.21
9/7/2016,156.15,1482.86,47
9/8/2016,157.72,1487.21,49.23
9/9/2016,157.25,1473.85,48.37
9/12/2016,156.54,1444.15,47.82
9/14/2016,157.6,1449.4,45.65
9/15/2016,157.39,1448.62,45.83
9/16/2016,157.83,1455.75,45.26
9/19/2016,155.66,1459.84,46.04
9/20/2016,155.56,1455,45.24
9/21/2016,155.14,1454.36,45.99
9/22/2016,155.21,1470.35,47.21
9/23/2016,154.77,1466.06,46.71
9/26/2016,155.61,1450.12,46.61
9/27/2016,155.54,1446.06,44.95
9/28/2016,155.57,1453.65,45.49
9/29/2016,155.6,1423.79,48.43
9/30/2016,156.33,1431.55,48.24
10/3/2016,156.17,1454.66,48.61
10/4/2016,156.27,1460.26,48.81
10/5/2016,156.04,1457.33,49.57
10/6/2016,155.24,1453.22,50.14
10/7/2016,155.13,1451.49,50.49
10/10/2016,154.42,1452.86,51.54
10/13/2016,152.83,1430.26,49.29
10/14/2016,156.54,1434.17,48.87
10/17/2016,156.85,1422.57,49.31
10/18/2016,158.99,1448.41,49.81
10/19/2016,159.35,1447.19,51.85
10/20/2016,159.42,1453.23,50.42
10/21/2016,159.45,1454.27,50.28
10/24/2016,160.54,1457.43,49.8
10/25/2016,160.16,1453.22,49.08
10/26/2016,160.84,1441.47,48.98
10/27/2016,160.25,1439.26,49.13
10/28/2016,161.08,1444.49,47.78
10/30/2016,161.08,1444.66,47.78
11/1/2016,161.11,1442.73,45.77
11/2/2016,161.11,1423.44,44.26
11/3/2016,161.84,1416.97,43.84
11/4/2016,161.04,1406.51,43.06
11/7/2016,161.3,1417.74,42.83
11/8/2016,161.18,1424.72,43.47
11/9/2016,160.71,1405.78,43.88
11/10/2016,160.75,1425.06,43.67
11/11/2016,161.63,1386.07,41.61
11/15/2016,164.12,1352.02,44.15
11/16/2016,164.35,1351.09,45.07
11/17/2016,165.6,1348.17,44.57
11/18/2016,165.69,1346.81,44.41
11/21/2016,166.76,1320.56,45.96
11/22/2016,165.57,1333,46.1
11/23/2016,166.33,1338.91,46.54
11/24/2016,165.78,1330.08,47.54
11/25/2016,166.1,1354.09,46.32
11/28/2016,166.46,1357.2,46.64
11/29/2016,166.01,1359.23,44.68
11/30/2016,165.84,1373.98,47.95
12/1/2016,166.11,1366.37,52.28
12/2/2016,166.43,1348.31,52.35
12/5/2016,165.03,1356.41,53.3
12/6/2016,165.04,1359.57,52.31
12/7/2016,164.31,1353.24,51.9
12/8/2016,165.61,1376.53,51.6
12/9/2016,166.5,1378.97,52.19
12/12/2016,166.37,1363.27,53.99
12/13/2016,167.14,1369.65,53.28
12/14/2016,166.58,1362.49,53.15
12/15/2016,166.43,1358.61,51.72
12/16/2016,166.81,1355,54.15
12/19/2016,166.27,1350.05,53.53
12/20/2016,166.48,1345.48,54.56
12/21/2016,166.48,1343.4,53.01
12/22/2016,165.98,1328.62,54.04
12/23/2016,166.11,1328.75,53.93
12/26/2016,165.51,1313.26,53.93
12/27/2016,165.97,1334.55,53.93
12/28/2016,165.55,1335.93,54.95
12/29/2016,166.68,1347.12,54.97
12/30/2016,167.82,1360.16,54.96
1/2/2017,167.5,1363.03,54.96
1/3/2017,167.51,1367.08,55.05
1/4/2017,166.49,1365.88,54.57
1/5/2017,166.28,1381.12,54.99
1/6/2017,166.03,1376.79,55.9
1/9/2017,166.22,1375.64,54.39
1/10/2017,167.72,1384.99,53.2
1/11/2017,167.47,1402.01,53.61
1/12/2017,167.37,1406.17,54.51
1/13/2017,167.37,1404.95,54.37
1/16/2017,168.37,1409.09,54.3
1/17/2017,168.89,1406.88,54.68
1/18/2017,170,1411.65,53.77
1/19/2017,170.85,1414.72,53.18
1/20/2017,171.87,1400.24,55.04
1/23/2017,171.78,1408.53,54.8
1/24/2017,171.91,1422.78,54.7
1/25/2017,173.02,1443.71,54.34
1/27/2017,173.02,1449.85,54.8
1/30/2017,173.18,1448.41,54.77
1/31/2017,173.31,1435.63,55.25
2/1/2017,172.85,1462.87,55.79
2/2/2017,174.95,1466.97,55.94
2/3/2017,173.87,1468.88,55.92
2/6/2017,174.07,1478.94,55.02
2/7/2017,173.48,1474.02,53.79
2/8/2017,173.03,1476.07,54.42
2/9/2017,172.77,1477.69,53.98
2/10/2017,172.94,1478.04,55.2
2/13/2017,173.58,1480.37,54.15
2/14/2017,173.44,1477.3,54.96
2/15/2017,172.85,1463.38,54.57
2/16/2017,174.2,1475.14,54.16
2/17/2017,173.71,1484.26,54.48
2/20/2017,173.26,1495.22,55.25
2/21/2017,172.99,1500.85,56.34
2/22/2017,170.9,1500.23,54.9
2/23/2017,171.1,1502.09,55.82
2/27/2017,170.75,1495.21,54.65
2/28/2017,170.59,1493.33,53.36
3/1/2017,171.67,1503.46,55.72
3/2/2017,171.59,1491.71,54.16
3/3/2017,172.15,1492.58,54.12
3/6/2017,171.89,1502.59,54.73
3/7/2017,171.46,1500.31,54.61
3/8/2017,171.45,1495.21,53.3
3/9/2017,170.9,1495.12,50.65
3/10/2017,171.26,1495.67,50.63
3/14/2017,171.09,1521.29,49.6
3/15/2017,170.96,1521.98,50.63
3/16/2017,170.57,1534.89,50.56
3/17/2017,169.38,1536.5,50.58
3/20/2017,170.77,1532.96,50.67
3/21/2017,170.11,1530.75,50.14
3/22/2017,169.6,1514.86,49.56
3/23/2017,170.88,1525.18,50.17
3/24/2017,170.52,1528.87,49.97
3/27/2017,172.44,1520.22,50.12
3/28/2017,173.61,1528.52,50.72
3/29/2017,173.36,1533.93,51.36
3/30/2017,173.57,1540.18,52.25
3/31/2017,173.01,1540.85,52.2
4/3/2017,173.08,1550.74,52.04
4/5/2017,172.89,1557.35,53.41
4/6/2017,172.94,1557.16,53.62
4/7/2017,173.35,1547.92,54.24
4/10/2017,173.06,1548.03,54.79
4/11/2017,172.66,1557.38,54.73
4/12/2017,173.04,1552.68,54.75
4/13/2017,172.63,1542.92,55.05
4/17/2017,173.43,1540.75,54.79
4/18/2017,173.48,1533.98,52.6
4/19/2017,170.25,1535.35,52.43
4/20/2017,170.42,1540.67,50.66
4/21/2017,171.49,1538.32,49.93
4/24/2017,172.26,1554.41,49.45
4/25/2017,172.69,1570.62,49.37
4/26/2017,173.2,1577.5,49.99
4/27/2017,173.87,1576.69,49.46
4/28/2017,174.09,1571.44,49.46
5/2/2017,174,1574.18,49.31
5/3/2017,173.93,1572.67,48.82
5/4/2017,175.18,1579.89,47.53
5/5/2017,175.87,1565.89,47.45
5/8/2017,175.76,1570.97,46.61
5/9/2017,175.47,1573.71,47.06
5/10/2017,175.67,1589.18,48.09
5/11/2017,175.75,1590.1,49.18
5/12/2017,176.29,1584.84,49.08
5/15/2017,176.35,1592.82,51.29
5/16/2017,177.03,1603.74,51.21
5/17/2017,176.88,1605.17,51.76
5/18/2017,176.39,1585.85,51.71
5/19/2017,176.49,1585.42,52.78
5/22/2017,177.85,1586.38,53.35
5/23/2017,176.87,1575.76,53.19
5/24/2017,176.79,1569.54,53.29
5/25/2017,176.81,1594.39,52.25
5/26/2017,177.06,1612.77,50.84
5/29/2017,177.21,1610.49,52.25
5/30/2017,175.91,1613.92,50.65
5/31/2017,177.21,1616.58,49.4
6/1/2017,175.82,1616.13,50.41
6/2/2017,176.28,1623.4,48.46
6/5/2017,176.97,1627.79,48.25
6/6/2017,176.97,1619.96,48.11
6/7/2017,177.26,1624.49,47.08
6/8/2017,175.56,1621.66,46.3
6/9/2017,176.53,1624.45,46.64
6/12/2017,176.55,1616.14,47.18
6/13/2017,176.25,1615.4,46.95
6/14/2017,177.48,1615.88,45.47
6/15/2017,177.75,1610.04,45.61
6/16/2017,178.79,1611.31,45.7
6/19/2017,178.72,1622.07,45.93
6/20/2017,178.76,1623.19,43.98
6/21/2017,179.53,1619.9,44.62
6/22/2017,179.95,1616.71,44.46
6/23/2017,179.71,1605.14,44.14
6/27/2017,179.97,1594.89,46.17
6/28/2017,179.56,1593.42,46.45
6/29/2017,179.11,1596.06,47.02
6/30/2017,179.28,1600.88,47.08
7/3/2017,179.45,1618.24,49.13
7/4/2017,180.07,1616.16,49.15
7/5/2017,179.85,1622.03,47.58
7/6/2017,179.76,1627.61,48.53
7/7/2017,180.17,1626.88,46.47
7/10/2017,180.33,1645.04,46.57
7/11/2017,179.96,1644.86,46.68
7/12/2017,179.86,1651.24,46.73
7/13/2017,177.47,1663.04,47.65
7/14/2017,177.57,1662.71,47.89
7/17/2017,179.31,1666.08,47.66
7/18/2017,179.16,1650.55,47.92
7/19/2017,179.39,1664.61,48.34
7/20/2017,176.76,1660.39,48.54
7/21/2017,176.29,1665.84,47.47
7/24/2017,176.42,1673.9,47.81
7/25/2017,178.08,1675.43,49.19
7/26/2017,177.36,1684.5,50.08
7/27/2017,177.34,1683.92,50.67
7/28/2017,177.66,1682.64,52
7/31/2017,177.73,1691.65,51.99
8/1/2017,177.84,1697.24,50.77
8/2/2017,178.51,1691.27,52.09
8/3/2017,179.75,1683.1,52.88
8/4/2017,179.99,1694.87,52.48
8/7/2017,178.71,1697.22,51.42
8/8/2017,179.36,1681.68,52.18
8/9/2017,179.8,1667.37,52.16
8/10/2017,179.73,1648.19,52.59
8/11/2017,182.09,1634.32,51.47
8/14/2017,182.86,1650.07,51.29
8/16/2017,183.19,1666.94,50.39
8/17/2017,183.69,1666.8,50.37
8/18/2017,184.1,1657.49,50.96
8/21/2017,184.34,1641.89,51.94
8/22/2017,184.39,1643.35,52.29
8/23/2017,183.8,1659.01,52.31
8/24/2017,184.11,1662.27,51.73
8/28/2017,183.83,1672.49,51.87
8/29/2017,184.08,1653.9,51.64
8/30/2017,184.38,1671.02,51.91
8/31/2017,184.82,1674.26,52.69
9/1/2017,185.79,1685.31,53.15
9/4/2017,186.15,1672.39,52.6
9/5/2017,186.54,1679.94,53.63
9/6/2017,187.47,1675.16,54.48
9/7/2017,187.28,1679.86,54.16
9/8/2017,186.86,1679.22,54.55
9/11/2017,187.43,1693.57,54.2
9/12/2017,187.49,1708.73,55.06
9/13/2017,186.81,1704.61,55.52
9/14/2017,187.16,1707.36,56.76
9/15/2017,187.37,1706.06,56.18
9/18/2017,187.57,1715.65,55.5
9/19/2017,188.19,1716.79,56.58
9/20/2017,188.59,1715.33,57.2
9/21/2017,189.59,1711.13,57.73
9/22/2017,188.96,1681.34,58.16
9/25/2017,189.25,1663.96,59.42
9/26/2017,188.11,1663.75,59.77
9/27/2017,188.5,1640.39,58.74
9/28/2017,189.67,1646.67,58.8
9/29/2017,188.43,1651.45,57.02
10/3/2017,189.27,1664.5,56.12
10/4/2017,189.4,1672.78,56
10/5/2017,189.72,1670.6,57.09
10/6/2017,189.57,1685.62,55.5
10/9/2017,189.86,1688.43,55.29
10/10/2017,190.19,1692.89,56.62
10/11/2017,189.59,1687.08,56.13
10/12/2017,189.54,1704.7,56.13
10/13/2017,189.83,1715.63,56.86
10/16/2017,189.49,1725.65,57.49
10/17/2017,188.47,1727.48,57.63
10/18/2017,189.93,1723.01,58.05
10/19/2017,189.29,1712.95,57.82
10/23/2017,190.78,1717.9,57.69
10/24/2017,190.21,1720.83,57.84
10/25/2017,190.21,1734.46,58.45
10/26/2017,190.48,1744.06,58.75
10/27/2017,190.33,1740.76,60.15
10/30/2017,192.7,1748.83,60.65
10/31/2017,193.13,1744.92,61.35
11/1/2017,194.72,1761.78,60.98
11/2/2017,194.4,1760.81,60.79
11/3/2017,194.35,1766.15,61.42
11/6/2017,193.39,1768.42,64.27
11/7/2017,193,1750.52,64.36
11/8/2017,193.13,1742.49,63.96
11/9/2017,194.44,1744.68,64.49
11/10/2017,195.28,1744.99,64.35
11/13/2017,195.73,1731.81,62.94
11/14/2017,195.58,1724.67,60.91
11/15/2017,194.66,1711.56,61.25
11/16/2017,196.45,1727.57,61.18
11/17/2017,197.35,1740.33,61.34
11/20/2017,196.85,1743.25,61.34
11/21/2017,196.8,1748.46,62.28
11/22/2017,197.33,1749.73,62.92
11/23/2017,197.24,1750.45,63.27
11/24/2017,197.18,1757.11,63.58
11/27/2017,197.32,1758.74,63.25
11/28/2017,197.62,1755.21,63.56
11/29/2017,196.7,1753.98,63.74
11/30/2017,198.17,1734.01,63.53
12/1/2017,199.05,1716.6,64.57
12/4/2017,200.12,1717.65,63.45
12/5/2017,201.51,1715.52,63.45
12/6/2017,201.48,1702.17,62.25
12/7/2017,201.64,1724.2,62.37
12/8/2017,201.25,1741.72,63.86
12/11/2017,202.79,1751.61,65.62
12/12/2017,204.3,1737.15,64.96
12/13/2017,204.3,1727.53,63.66
12/14/2017,203.58,1736.89,63.72
12/15/2017,205.9,1752.77,63.81
12/18/2017,205.74,1761.14,64.45
12/19/2017,206.76,1775.46,63.69
12/20/2017,208.5,1773.46,64.43
12/21/2017,208.53,1773.34,64.64
12/22/2017,208.44,1781.11,64.61
12/26/2017,212.02,1786.61,64.61
12/27/2017,210.72,1781.09,66.03
12/28/2017,207.88,1778.97,66.8
12/29/2017,207.87,1788.1,66.73
1/1/2018,207.84,1777.16,66.73
1/2/2018,203.54,1775.32,66.65
1/3/2018,194.99,1776.41,67.85
1/4/2018,198.56,1787.85,68.73
1/5/2018,198.06,1799.26,68.01
1/8/2018,190.45,1810.9,68.48
1/9/2018,193.64,1813.22,69.08
1/10/2018,196.01,1811.47,69.79
1/11/2018,196.63,1814.73,70.36
1/12/2018,198.95,1817.52,69.64
1/15/2018,201.5,1824.2,70.31
1/16/2018,201.5,1814.93,69.4
1/17/2018,200.34,1829.19,69.19
1/18/2018,198.68,1828.91,69.48
1/19/2018,198.87,1841.74,68.56
1/22/2018,202.27,1854.8,69.32
1/23/2018,205.03,1873.24,69.81
1/24/2018,202.33,1872.61,69.91
1/25/2018,199.88,1865.88,71.08
1/29/2018,198.06,1873.24,68.41
1/30/2018,200.2,1862.32,67.78
1/31/2018,200.67,1855.85,67.78
2/1/2018,200.68,1855.22,68.6
2/2/2018,201.34,1810.14,67.45
2/5/2018,204.66,1796.98,67.69
2/6/2018,204.25,1767.69,66.75
2/7/2018,203.21,1763.74,65.74
2/8/2018,201.8,1782.09,64.26
2/9/2018,201.73,1764.51,63.04
2/12/2018,202.08,1779.31,62.2
2/14/2018,200.04,1773.24,62.29
2/15/2018,199.57,1777.41,62.86
2/16/2018,194.07,1761.66,64.3
2/19/2018,190,1746.79,64.95
2/20/2018,195.6,1745.11,64.68
2/21/2018,192.2,1749.4,64.81
2/22/2018,192.04,1745.36,66.12
2/23/2018,194.64,1764.78,67.04
2/26/2018,190.18,1781.84,67.96
2/27/2018,192.7,1776.42,67.59
2/28/2018,195.23,1766.93,66.08
3/1/2018,196.39,1760.58,64.23
3/5/2018,192.95,1743.29,65.78
3/6/2018,196.43,1725.76,65.67
3/7/2018,195.09,1710.84,65.09
3/8/2018,196.96,1722.19,63.87
3/9/2018,196.25,1720.2,65.19
3/12/2018,197.95,1749.34,64.53
3/13/2018,199.8,1752.3,64.2
3/14/2018,199.58,1751.96,63.61
3/15/2018,198.18,1744.91,63.67
3/16/2018,196.49,1720.28,64.68
3/19/2018,196.73,1701.98,64.82
3/20/2018,194.36,1705.84,66
3/21/2018,194.56,1711.9,68.15
3/22/2018,196.32,1704.14,68.98
3/23/2018,196.78,1684.93,69.03
3/26/2018,194.68,1707.64,68.81
3/27/2018,195.33,1717.09,68.63
3/28/2018,193.18,1708.2,68.13
4/2/2018,196.09,1726.19,69.02
4/3/2018,195.77,1733.3,69.02
4/4/2018,197.44,1712.52,66.04
4/5/2018,199.43,1743.92,66.54
4/6/2018,199.84,1747.65,66.51
4/9/2018,200.31,1755.88,68.19
4/10/2018,198.92,1759.25,70.67
4/11/2018,199.75,1759.81,72.74
4/12/2018,199.36,1765.94,71.44
4/13/2018,198.79,1768.96,73.18
4/16/2018,200.24,1775.94,72.05
4/17/2018,199.73,1779.41,71.71
4/18/2018,200.13,1776.96,73.73
4/19/2018,199.6,1784.72,74.85
4/20/2018,198.98,1784.99,74.62
4/23/2018,198.98,1787.96,74.54
4/24/2018,196.48,1792.11,75.86
4/25/2018,199.06,1784.39,73.79
4/26/2018,197.49,1793.56,75.39
4/27/2018,199.74,1805.13,75.33
4/30/2018,200.65,1815.84,75.92
5/2/2018,202.83,1808.74,73.14
5/3/2018,202.58,1800.57,73.45
5/4/2018,203.38,1791.43,74.75
5/7/2018,203.64,1806.6,74.75
5/8/2018,203.78,1804.89,74.16
5/9/2018,202.81,1806.96,77.6
5/10/2018,203.4,1799.44,77.59
5/11/2018,203.22,1813.86,77.37
5/14/2018,202.19,1810.84,78.17
5/15/2018,201.21,1809.31,78.94
5/16/2018,201.33,1802.02,78.19
5/17/2018,199.84,1794.28,80.09
5/18/2018,200.44,1777.19,78.38
5/21/2018,197.64,1762.95,78.34
5/22/2018,197.76,1768.47,80.42
5/23/2018,196.04,1750.37,78.69
5/24/2018,197.35,1762.51,78.9
5/25/2018,197.56,1781.42,76.6
5/28/2018,198.04,1797.03,76.6
5/29/2018,197.24,1788.67,74.51
5/30/2018,197.24,1786.73,75.89
5/31/2018,198.92,1804.65,76.45
6/1/2018,200.61,1795.81,74.54
6/4/2018,202.13,1783.78,73.41
6/5/2018,203.14,1775.89,72.91
6/6/2018,201.41,1792.57,73.23
6/7/2018,203.41,1806.74,75.23
6/8/2018,203.78,1807.81,75.11
6/11/2018,203.6,1810.3,74.58
6/12/2018,204.08,1819.65,74.86
6/13/2018,204.5,1821.57,75.07
6/14/2018,203.73,1814.9,74.77
6/15/2018,203.68,1813.17,72.02
6/18/2018,204.01,1810.03,74.87
6/19/2018,204.73,1795.72,74.92
6/20/2018,206.68,1806.09,74.25
6/21/2018,206.86,1799.2,72.87
6/22/2018,205.29,1812.06,73.67
6/25/2018,204.51,1801.56,72.82
6/26/2018,205.62,1801.65,73.58
6/27/2018,205.16,1784.69,76.09
6/28/2018,205.79,1771.26,76.26
6/29/2018,207.12,1792.57,77.44
7/2/2018,207.45,1783.12,76.71
7/3/2018,208.07,1791.4,75.87
7/4/2018,207.88,1801.12,76.99
7/5/2018,207.52,1797.24,77.09
7/6/2018,205.91,1801.74,74.98
7/9/2018,205.01,1816.85,77.08
7/10/2018,206.4,1832.16,77.8
7/11/2018,205.02,1830.72,75.35
7/12/2018,206.78,1841.75,72.11
7/13/2018,207.3,1839.11,74.11
7/16/2018,207.73,1821.82,71.03
7/17/2018,208.09,1836.33,70.87
7/18/2018,207.97,1827.12,70.52
7/19/2018,207.7,1824.27,71.94
7/20/2018,209,1833.69,71.99
7/23/2018,210.79,1847.33,73.45
7/24/2018,210.88,1860.23,73.53
7/25/2018,211.99,1859.34,73.67
7/26/2018,210.91,1866.07,74.51
7/27/2018,211,1884.24,74.84
7/30/2018,210.42,1891.77,74.99
7/31/2018,209.64,1899.32,74.16
8/1/2018,209.26,1897.89,72.28
8/2/2018,208.6,1883.16,72.95
8/3/2018,209.13,1900.42,72.48
8/6/2018,209.13,1904.95,72.51
8/7/2018,209.72,1904.9,72.31
8/8/2018,211.14,1914.22,70.71
8/9/2018,211.48,1919.02,70.55
8/10/2018,210.86,1910.47,71
8/13/2018,211.76,1899.29,70.62
8/14/2018,211.93,1911.81,70.77
8/16/2018,214.38,1903.7,69.21
8/17/2018,213.58,1920.52,70.14
8/20/2018,212.95,1937.03,71.11
8/21/2018,212.24,1939.87,71.65
8/23/2018,212.74,1944.46,73.73
8/24/2018,213.95,1940.72,74.41
8/27/2018,214,1962.53,74.41
8/28/2018,213.89,1968.15,75.91
8/29/2018,212.04,1963.1,76.07
8/30/2018,210.93,1962.08,77.05
8/31/2018,210.36,1962.91,76.94
9/3/2018,209.93,1947.29,77.81
9/4/2018,203.06,1929.9,77.51
9/5/2018,198.8,1922.87,76.68
9/6/2018,202.02,1933.29,75.67
9/7/2018,200.57,1945.58,75.55
9/10/2018,205.29,1919.5,76.77
9/11/2018,205.09,1892.12,78.22
9/12/2018,202.2,1906.09,80.02
9/14/2018,201.18,1930.2,77.87
9/17/2018,199.31,1908.27,78.22
9/18/2018,192.44,1892.42,79.25
9/19/2018,196.31,1884.67,79.43
9/21/2018,192.17,1864.79,78.9
9/24/2018,194.97,1832.48,80.89
9/25/2018,196.99,1848.82,82.21
9/26/2018,198.94,1847.79,81.87
9/27/2018,198.34,1833.1,81.54
9/28/2018,200.28,1822.41,82.72
10/1/2018,201.41,1834.37,84.94
10/3/2018,205.73,1809.68,85.45
10/4/2018,204,1767.33,86.07
10/5/2018,200.34,1722.17,85.12
10/8/2018,200.08,1724.28,84.22
10/9/2018,198.8,1714.41,85.16
10/10/2018,201.41,1745.26,83.82
10/11/2018,201.9,1708.36,81.35
10/12/2018,198.56,1746.5,80.71
10/15/2018,195.28,1754.25,80.91
10/16/2018,195.72,1769.15,80.53
10/17/2018,195.72,1743.99,79.91
10/19/2018,197.69,1720.49,80.38
10/22/2018,198.63,1709.76,80.45
10/23/2018,203.5,1693.79,78.67
10/24/2018,202.64,1705.88,77.34
10/25/2018,204.75,1688.15,77.3
10/26/2018,206.86,1672.92,77.4
10/29/2018,200.45,1711,77.56
10/30/2018,200.45,1705.98,75.68
10/31/2018,200.4,1735.49,74.84
11/1/2018,195.33,1736.3,71.25
11/2/2018,196.07,1763.78,71.11
11/5/2018,196.15,1760.86,72.68
11/6/2018,197.26,1759.85,70.64
11/7/2018,197.37,1772.29,70.1
11/9/2018,188.96,1770.96,69.01
11/12/2018,188.94,1753.32,69.81
11/13/2018,186.36,1768.51,65.45
11/14/2018,183.36,1767.21,64.88
11/15/2018,179.93,1773.09,65.61
11/16/2018,174.76,1781.5,65.29
11/19/2018,183.34,1797.11,64.14
11/20/2018,185.24,1779.76,61.5
11/21/2018,184.87,1772.94,61.65
11/22/2018,186.54,1759.93,61.11
11/26/2018,181.43,1775.54,59.7
11/27/2018,187.68,1782.87,59.58
11/28/2018,188.73,1786.25,57.97
11/29/2018,190.2,1808.98,58.29
11/30/2018,190.92,1811.65,57.71
12/3/2018,191.88,1815.47,60.17
12/4/2018,192.06,1811.57,61.22
12/5/2018,191.08,1793.97,61.4
12/6/2018,193.3,1763.47,57.83
12/7/2018,193.86,1777.78,61.71
12/10/2018,195.42,1743.87,60.29
12/11/2018,198.28,1758.3,59.73
12/12/2018,198.28,1790.24,59.94
12/13/2018,195.78,1800.13,59.03
12/14/2018,196.72,1802.68,58.56
12/17/2018,196.84,1817.16,57.59
12/18/2018,198.05,1821.56,55.26
12/19/2018,196.06,1832.58,55.6
12/20/2018,195.81,1830.55,52.84
12/21/2018,198.05,1797.43,51.93
12/24/2018,198.79,1783.96,51.93
12/26/2018,200.49,1793.1,51.93
12/27/2018,201.3,1799.89,51.49
12/28/2018,201.26,1814.98,50.57
12/31/2018,199.34,1816.52,50.57
1/1/2019,199.5,1822.22,50.57
1/2/2019,199.56,1801.96,54.06
1/3/2019,202.2,1782.34,53.23
1/4/2019,202.86,1791.51,55.64
1/7/2019,202.45,1797.41,57.1
1/8/2019,205.24,1802.57,56.91
1/9/2019,205.26,1810.48,59.46
1/10/2019,205.53,1807.57,60.47
1/11/2019,205.14,1802.01,59.24
1/14/2019,206.71,1793.11,58.8
1/15/2019,206.91,1816.43,58.65
1/16/2019,206.98,1817.57,59.81
1/17/2019,206.39,1819.62,59.85
1/18/2019,205.51,1817.04,62.04
1/21/2019,206.93,1823.35,62.18
1/22/2019,205.63,1818.88,60.9
1/23/2019,205.44,1805.39,61.05
1/24/2019,204.3,1808.09,61.09
1/25/2019,202.66,1795.98,61.49
1/28/2019,202.37,1774.85,59.71
1/29/2019,205.35,1773.41,60.98
1/30/2019,206.13,1771.58,61.89
1/31/2019,207.87,1802.44,62.46
2/1/2019,207.91,1812.43,61.86
2/4/2019,209,1812.7,62.26
2/5/2019,209.53,1813.52,61.67
2/6/2019,209.55,1832.41,62.22
2/7/2019,208.12,1836.06,61.01
2/8/2019,210.05,1812.3,61.37
2/11/2019,205.74,1800.73,61.3
2/12/2019,205.41,1792.15,62.58
2/13/2019,207.25,1783.99,63.27
2/14/2019,206.1,1780.54,64
2/15/2019,206.99,1773.02,65.65
2/18/2019,208.52,1757.97,66.41
2/19/2019,210.67,1754.13,65.86
2/20/2019,210.57,1775.58,66.82
2/21/2019,211.31,1784.64,66.91
2/22/2019,211.54,1787.05,66.91
2/25/2019,212.44,1802.89,64.02
2/26/2019,212.77,1795.52,64.51
2/27/2019,211.51,1792.53,65.55
2/28/2019,212.39,1792.56,65.03
3/1/2019,212.1,1803.85,63.71
3/5/2019,213.7,1826.06,64.24
3/6/2019,213.57,1835.86,64.51
3/7/2019,212.75,1837.98,64.82
3/8/2019,213.28,1834.23,65.66
3/11/2019,213.3,1857.81,65.06
3/12/2019,214.87,1878.76,65.33
3/13/2019,214.28,1884.33,65.89
3/14/2019,214.37,1884.86,66.18
3/15/2019,215.29,1895.33,66.11
3/18/2019,215.51,1899.77,66.65
3/19/2019,216.54,1911.97,67.13
3/20/2019,214.52,1910.45,68.35
3/22/2019,215.22,1899.09,66.29
3/25/2019,214.69,1882.47,67.37
3/26/2019,211.18,1901.79,67.51
3/27/2019,210.85,1897.73,67.35
3/28/2019,210.08,1917.3,66.08
3/29/2019,211.34,1927.08,67.93
4/1/2019,206.65,1936.03,69.08
4/2/2019,208.43,1941.24,69.68
4/3/2019,209.17,1930.21,69.21
4/4/2019,211.57,1922.53,69.8
4/5/2019,210.67,1932.78,69.93
4/8/2019,209.65,1922.45,71.12
4/9/2019,211.3,1933.42,71.02
4/10/2019,211.04,1919.4,71.63
4/11/2019,208.66,1922.42,71.3
4/12/2019,208.96,1930.38,71.57
4/15/2019,208.96,1938.07,70.9
4/16/2019,207.02,1953.56,70.74
4/18/2019,206.02,1946.3,70.71
4/22/2019,202.96,1919.57,70.71
4/23/2019,207.55,1916.27,74.39
4/24/2019,209.57,1938.95,73.59
4/25/2019,211.12,1925.51,74.94
4/26/2019,213.57,1939.18,71.03
4/30/2019,214.03,1933.96,72.19
5/2/2019,214.86,1929.47,70.56
5/3/2019,214.44,1927.37,71.95
5/6/2019,214.33,1908.66,71.95
5/7/2019,216.33,1892.72,70.98
5/8/2019,217.17,1869.8,71.09
5/9/2019,219.58,1860.75,70.61
5/10/2019,219.25,1856.7,71.63
5/13/2019,219.11,1833.3,72.35
5/14/2019,216.74,1844.89,72.53
5/15/2019,216.5,1833.29,73.09
5/16/2019,217.14,1847.85,74.7
5/17/2019,218.27,1871.04,73.94
5/20/2019,219.89,1939.44,73.21
5/21/2019,220.58,1919.51,72.94
5/22/2019,222.4,1923.06,71.94
5/23/2019,222.4,1910.85,68.37
5/24/2019,221.78,1943.48,67.98
5/27/2019,220.83,1956.93,67.98
5/28/2019,220.63,1960.8,70.19
5/29/2019,221.79,1948.04,70.64
5/30/2019,223.19,1961.13,69.55
5/31/2019,224.03,1957.36,66.78
6/3/2019,224.07,1983.37,63.16
6/4/2019,223.03,1973.91,63.56
6/6/2019,222.82,1942.55,62.77
6/7/2019,221.64,1945.57,64.1
6/10/2019,222.2,1953.89,64.31
6/11/2019,223.49,1961.98,63.56
6/12/2019,224.94,1950.98,61.66
6/13/2019,224.33,1950.34,63.28
6/14/2019,225.73,1934.86,63.13
6/17/2019,225.97,1908.74,62.56
6/18/2019,225.66,1912.45,63.35
6/19/2019,222.35,1910.72,62.85
6/20/2019,221.21,1935.08,65.44
6/21/2019,219.42,1919.27,65.99
6/24/2019,213.15,1915.81,65.16
6/25/2019,215.97,1931.09,66.24
6/26/2019,216.13,1940.38,66.85
6/27/2019,220.22,1940.97,66.78
6/28/2019,219.08,1931.6,67.52
7/1/2019,216.43,1944.68,65.1
7/2/2019,219.5,1950.83,62.72
7/3/2019,212.99,1953.21,63.53
7/4/2019,213.08,1957.05,63.62
7/5/2019,216.34,1934.41,64.23
7/8/2019,218.95,1893.85,64.89
7/9/2019,217.15,1894.55,64.3
7/10/2019,218.98,1884.23,66.41
7/11/2019,218.41,1898.2,67.64
7/12/2019,212.88,1894.39,66.65
7/15/2019,215.28,1899.67,66.86
7/16/2019,214.9,1913.2,65.87
7/17/2019,215.97,1915.6,63.67
7/18/2019,218.42,1897.69,60.7
7/19/2019,218.68,1867.51,61.04
7/22/2019,217.1,1857,61.96
7/23/2019,219.65,1853.68,62.28
7/24/2019,222.24,1839.72,63.83
7/25/2019,222.45,1838.59,63.47
7/26/2019,222.11,1844.56,62.46
7/29/2019,221.77,1827.84,62.29
7/30/2019,223.03,1808.78,62.55
7/31/2019,224.11,1815.17,64.07
8/1/2019,224.03,1793.15,62.9
8/2/2019,223.12,1796.42,61.12
8/5/2019,223.72,1774.1,59.32
8/6/2019,223.65,1788.2,58.63
8/7/2019,223.97,1772.21,55.03
8/8/2019,223.14,1800.09,56.29
8/9/2019,223.13,1812.53,57.37
8/13/2019,222.59,1781.6,59.9
8/14/2019,222.24,1799.16,57.86
8/16/2019,221.84,1802.01,59
8/19/2019,218.81,1803.39,59.79
8/20/2019,214.66,1796.91,59.03
8/21/2019,216.5,1779.97,60.6
8/22/2019,219.38,1751.72,59.81
8/23/2019,218.51,1765.1,58.64
8/26/2019,214.89,1800.91,58.64
8/27/2019,217.16,1810.49,58.44
8/28/2019,218.56,1799.12,60.42
8/29/2019,220.55,1784.83,60.59
8/30/2019,220.28,1798.44,61.04
9/3/2019,221.99,1761.67,57.93
9/4/2019,222.28,1768.49,60.68
9/5/2019,221.63,1770.92,62.7
9/6/2019,222.97,1787.21,61.28
9/9/2019,222.23,1796.6,63.99
9/11/2019,222.97,1804.68,63.02
9/12/2019,223.96,1796.03,60.76
9/13/2019,225.95,1809.99,61.25
9/16/2019,225.96,1798.77,68.42
9/17/2019,226.6,1767.72,65.59
9/18/2019,225.57,1773.03,64.29
9/19/2019,227.28,1750.44,64.25
9/20/2019,228.08,1847.13,65.23
9/23/2019,227.79,1896.18,64.66
9/24/2019,228.31,1894.75,64.13
9/25/2019,229.55,1869.01,62.41
9/26/2019,230.72,1889.85,62.08
9/27/2019,230.17,1880.19,62.48
9/30/2019,230.66,1871.28,60.99
10/1/2019,230.66,1852.5,60.06
10/3/2019,232.64,1844.56,58.01
10/4/2019,232.62,1821.12,59.13
10/7/2019,232.22,1811.11,59.46
10/9/2019,230.91,1841.26,59.7
10/10/2019,231.39,1826.78,59.08
10/11/2019,233.13,1836.91,60.59
10/14/2019,233.75,1842.18,58.81
10/15/2019,234.47,1856.57,59.19
10/16/2019,234.47,1861.62,59.3
10/17/2019,233.52,1884.15,59.35
10/18/2019,231.46,1898.34,59.96
10/22/2019,231.88,1885.86,60.5
10/23/2019,232.42,1888.02,60.52
10/24/2019,234.25,1883.41,61.71
10/25/2019,233.67,1881.64,62.06
10/27/2019,233.67,1891.44,62.06
10/29/2019,233.87,1919.23,61.05
10/30/2019,236.53,1930.52,60.22
10/31/2019,237,1936.23,59.3
11/1/2019,238.79,1938.61,60.17
11/4/2019,238.68,1944.12,62.52
11/5/2019,238.61,1939.24,62.72
11/6/2019,239.75,1946.91,62.11
11/7/2019,240.97,1955.58,62.6
11/8/2019,241.21,1937.1,62
11/11/2019,241.15,1938.44,62.58
11/13/2019,242.23,1925.65,62.27
11/14/2019,240.65,1929.35,62.46
11/15/2019,241.24,1932.81,63.32
11/18/2019,242.95,1931.85,62.82
11/19/2019,241.06,1941.13,62.37
11/20/2019,241.84,1951.6,63.8
11/21/2019,241.33,1945.17,64.99
11/22/2019,242.92,1936.49,64.83
11/25/2019,244.46,1962.54,64.67
11/26/2019,243.86,1955.83,64.82
11/27/2019,245.38,1966.32,65.03
11/28/2019,245.15,1975.38,64.68
11/29/2019,246.17,1959.23,64.5
12/2/2019,248.37,1958.68,63.2
12/3/2019,249.57,1946.78,62.95
12/4/2019,249.57,1954.1,65.25
12/5/2019,248.9,1949.09,65.67
12/6/2019,248.96,1932.36,66.5
12/9/2019,248.66,1934.44,66.44
12/10/2019,245.86,1919.47,66.57
12/11/2019,241.93,1927.15,65.37
12/12/2019,244.37,1938.79,66.67
12/13/2019,243.46,1958.52,67.44
12/16/2019,244.96,1952.05,68.04
12/17/2019,240.18,1970.01,68.99
12/18/2019,242.66,1979.38,69.12
12/19/2019,246.48,1985.21,69.7
12/20/2019,249.94,1987.76,68.66
12/23/2019,250.83,1986.31,67.49
12/24/2019,249.38,1979.02,69.26
12/26/2019,251.86,1965.36,69.26
12/27/2019,253.88,1984.5,68.91
12/30/2019,253.19,1986.38,68.3
12/31/2019,254.12,1972.92,67.77
